position,LB
passes_completed,0.3967935871743487
passes,0.5374749498997996
dribbles_completed,0.013627254509018036
dribbles,0.018971275885103542
passes_completed_short,0.19505678022712092
passes_short,0.22257849031396126
passes_completed_medium,0.15457581830327322
passes_medium,0.19799599198396794
passes_completed_long,0.04288577154308617
passes_long,0.10167000668002672
passes_total_distance,6.9118236472945895
passes_free_kicks,0.016833667334669337
through_balls,0.0002672010688042752
passes_pressure,0.07842351369405477
passes_switches,0.014696058784235137
crosses,0.035404141616566465
corner_kicks,0.021108884435537743
passes_intercepted,0.008550434201736807
passes_blocked,0.01963927855711423
dispossessed,0.00788243152972612
goals,0.0
assists,0.0004008016032064128
pens_made,0.0
pens_att,0.0
shots_total,0.004008016032064128
shots_on_target,0.0012024048096192384
sca,0.026586506346025385
gca,0.002004008016032064
xg,0.00013360053440213758
crosses_into_penalty_area,0.007080828323313294
passes_into_final_third,0.02351369405477622
passes_into_penalty_area,0.01175684702738811
progressive_passes,0.0323313293253173
carry_progressive_distance,1.3917167668670676
assisted_shots,0.016566466265865065
fouled,0.008016032064128256
pens_won,0.0001336005344021376
tackles,0.01509686038744155
interceptions,0.009485637942551771
blocks,0.020307281229124917
tackles_won,0.007748830995323981
dribble_tackles,0.00614562458249833
dribbles_vs,0.01576486305945224
pressures,0.13026052104208416
pressure_regains,0.0355377421509686
clearances,0.018837675350701404
errors,0.0002672010688042752
aerials_won,0.005477621910487642
aerials_lost,0.009886439545758184
ball_recoveries,0.09552438209752839
pens_conceded,0.0
fouls,0.010287241148964597
cards_yellow_red,0.0
