position,FW
passes_completed,0.16408143480368395
passes,0.24381968007755694
dribbles_completed,0.00872515753756665
dribbles,0.018662142510906445
passes_completed_short,0.08894813378574891
passes_short,0.12190984003877847
passes_completed_medium,0.05380513814832768
passes_medium,0.07537566650508967
passes_completed_long,0.016238487639360154
passes_long,0.02690256907416384
passes_total_distance,2.6063984488608822
passes_free_kicks,0.0002423654871546292
through_balls,0.0007270964614638875
passes_pressure,0.0523509452253999
passes_switches,0.003877847794474067
crosses,0.004847309743092583
corner_kicks,0.0004847309743092584
passes_intercepted,0.007755695588948134
passes_blocked,0.014057198254968492
dispossessed,0.02035870092098885
goals,0.0060591371788657295
assists,0.0012118274357731458
pens_made,0.0019389238972370335
pens_att,0.0019389238972370335
shots_total,0.024963645176926806
shots_on_target,0.010421715947649055
sca,0.02932622394571013
gca,0.004120213281628696
xg,0.006107610276296655
crosses_into_penalty_area,0.0002423654871546292
passes_into_final_third,0.01187590887057683
passes_into_penalty_area,0.007755695588948134
progressive_passes,0.017207949587978673
carry_progressive_distance,0.7033446437227339
assisted_shots,0.01478429471643238
fouled,0.00896752302472128
pens_won,0.0004847309743092584
tackles,0.007755695588948134
interceptions,0.004362578768783325
blocks,0.009936984973339797
tackles_won,0.0046049442559379546
dribble_tackles,0.0007270964614638875
dribbles_vs,0.004847309743092583
pressures,0.2203102278235579
pressure_regains,0.057198254968492485
clearances,0.0060591371788657295
errors,0.0
aerials_won,0.010906446921958314
aerials_lost,0.029083858458555503
ball_recoveries,0.04701890450799806
pens_conceded,0.0
fouls,0.019631604459524964
cards_yellow_red,0.0
