position,CM
passes_completed,0.564373897707231
passes,0.6640211640211641
dribbles_completed,0.025573192239858905
dribbles,0.036155202821869487
passes_completed_short,0.30511463844797176
passes_short,0.3412698412698413
passes_completed_medium,0.19223985890652556
passes_medium,0.22310405643738976
passes_completed_long,0.04673721340388007
passes_long,0.06525573192239859
passes_total_distance,8.944444444444445
passes_free_kicks,0.0026455026455026454
through_balls,0.006172839506172839
passes_pressure,0.14109347442680775
passes_switches,0.014991181657848324
crosses,0.009700176366843033
corner_kicks,0.0008818342151675485
passes_intercepted,0.008818342151675485
passes_blocked,0.014991181657848324
dispossessed,0.014109347442680775
goals,0.0008818342151675485
assists,0.0008818342151675485
pens_made,0.0
pens_att,0.0
shots_total,0.025573192239858905
shots_on_target,0.007054673721340388
sca,0.04409171075837742
gca,0.003527336860670194
xg,0.0011463844797178129
crosses_into_penalty_area,0.004409171075837742
passes_into_final_third,0.06172839506172839
passes_into_penalty_area,0.01763668430335097
progressive_passes,0.07319223985890652
carry_progressive_distance,1.7160493827160495
assisted_shots,0.014109347442680775
fouled,0.007936507936507936
pens_won,0.0
tackles,0.03968253968253968
interceptions,0.009700176366843033
blocks,0.023809523809523808
tackles_won,0.024691358024691357
dribble_tackles,0.01146384479717813
dribbles_vs,0.03791887125220458
pressures,0.23192239858906524
pressure_regains,0.06613756613756613
clearances,0.013227513227513227
errors,0.0008818342151675485
aerials_won,0.02204585537918871
aerials_lost,0.02292768959435626
ball_recoveries,0.1384479717813051
pens_conceded,0.0008818342151675485
fouls,0.024691358024691357
cards_yellow_red,0.0
