position,FW
passes_completed,0.5578635014836796
passes,0.642433234421365
dribbles_completed,0.03412462908011869
dribbles,0.06379821958456973
passes_completed_short,0.3264094955489614
passes_short,0.36350148367952523
passes_completed_medium,0.18545994065281898
passes_medium,0.2062314540059347
passes_completed_long,0.03115727002967359
passes_long,0.04451038575667656
passes_total_distance,8.370919881305637
passes_free_kicks,0.0
through_balls,0.0
passes_pressure,0.1543026706231454
passes_switches,0.010385756676557863
crosses,0.013353115727002967
corner_kicks,0.0
passes_intercepted,0.017804154302670624
passes_blocked,0.011869436201780416
dispossessed,0.016320474777448073
goals,0.005934718100890208
assists,0.002967359050445104
pens_made,0.0
pens_att,0.0
shots_total,0.02967359050445104
shots_on_target,0.010385756676557863
sca,0.06231454005934718
gca,0.013353115727002967
xg,0.00370919881305638
crosses_into_penalty_area,0.001483679525222552
passes_into_final_third,0.04451038575667656
passes_into_penalty_area,0.01483679525222552
progressive_passes,0.05341246290801187
carry_progressive_distance,2.4243323442136497
assisted_shots,0.020771513353115726
fouled,0.02967359050445104
pens_won,0.0
tackles,0.028189910979228485
interceptions,0.001483679525222552
blocks,0.011869436201780416
tackles_won,0.017804154302670624
dribble_tackles,0.010385756676557863
dribbles_vs,0.017804154302670624
pressures,0.21068249258160238
pressure_regains,0.057863501483679525
clearances,0.001483679525222552
errors,0.0
aerials_won,0.001483679525222552
aerials_lost,0.004451038575667656
ball_recoveries,0.05934718100890208
pens_conceded,0.0
fouls,0.028189910979228485
cards_yellow_red,0.0
