position,CB
passes_completed,0.5773790951638066
passes,0.672386895475819
dribbles_completed,0.0028081123244929796
dribbles,0.0034321372854914196
passes_completed_short,0.1906396255850234
passes_short,0.20561622464898596
passes_completed_medium,0.27893915756630266
passes_medium,0.3076443057722309
passes_completed_long,0.1032761310452418
passes_long,0.14726989079563182
passes_total_distance,12.331357254290172
passes_free_kicks,0.017628705148205928
through_balls,0.00046801872074883
passes_pressure,0.08299531981279251
passes_switches,0.035101404056162244
crosses,0.0031201248049922
corner_kicks,0.00031201248049921997
passes_intercepted,0.006084243369734789
passes_blocked,0.009048361934477379
dispossessed,0.0031201248049922
goals,0.0006240249609984399
assists,0.00046801872074883
pens_made,0.0
pens_att,0.0
shots_total,0.005616224648985959
shots_on_target,0.0014040561622464898
sca,0.009828393135725429
gca,0.0017160686427457098
xg,0.000608424336973479
crosses_into_penalty_area,0.00015600624024960998
passes_into_final_third,0.044461778471138844
passes_into_penalty_area,0.0042121684867394696
progressive_passes,0.046801872074883
carry_progressive_distance,1.3765990639625585
assisted_shots,0.0032761310452418097
fouled,0.005304212168486739
pens_won,0.00015600624024960998
tackles,0.02137285491419657
interceptions,0.015132605304212168
blocks,0.01825273010920437
tackles_won,0.0124804992199688
dribble_tackles,0.009672386895475818
dribbles_vs,0.020904836193447737
pressures,0.10858034321372854
pressure_regains,0.03447737909516381
clearances,0.04914196567862714
errors,0.0
aerials_won,0.015132605304212168
aerials_lost,0.009204368174726989
ball_recoveries,0.13634945397815912
pens_conceded,0.00015600624024960998
fouls,0.009204368174726989
cards_yellow_red,0.0
