position,DM
passes_completed,0.42870514820592825
passes,0.4842433697347894
dribbles_completed,0.010608424336973479
dribbles,0.01638065522620905
passes_completed_short,0.2031201248049922
passes_short,0.22090483619344775
passes_completed_medium,0.17878315132605305
passes_medium,0.19500780031201248
passes_completed_long,0.038221528861154444
passes_long,0.051326053042121685
passes_total_distance,7.235569422776911
passes_free_kicks,0.009828393135725429
through_balls,0.00187207488299532
passes_pressure,0.08970358814352575
passes_switches,0.00514820592823713
crosses,0.0062402496099844
corner_kicks,0.00046801872074883
passes_intercepted,0.0070202808112324495
passes_blocked,0.01014040561622465
dispossessed,0.01107644305772231
goals,0.0012480499219968799
assists,0.00015600624024960998
pens_made,0.0
pens_att,0.0
shots_total,0.01107644305772231
shots_on_target,0.0032761310452418097
sca,0.01825273010920437
gca,0.0006240249609984399
xg,0.0011544461778471142
crosses_into_penalty_area,0.0012480499219968799
passes_into_final_third,0.0436817472698908
passes_into_penalty_area,0.00795631825273011
progressive_passes,0.036817472698907956
carry_progressive_distance,0.9032761310452418
assisted_shots,0.007176287051482059
fouled,0.01794071762870515
pens_won,0.0
tackles,0.029797191887675507
interceptions,0.011544461778471139
blocks,0.022464898595943836
tackles_won,0.022308892355694228
dribble_tackles,0.011388455538221529
dribbles_vs,0.034009360374414974
pressures,0.3003120124804992
pressure_regains,0.08564742589703588
clearances,0.008268330733229329
errors,0.00031201248049921997
aerials_won,0.0049921996879875195
aerials_lost,0.01326053042121685
ball_recoveries,0.09438377535101404
pens_conceded,0.00015600624024960998
fouls,0.014508580343213728
cards_yellow_red,0.00015600624024960998
