position,DM
passes_completed,0.44278871740287384
passes,0.5263437998935604
dribbles_completed,0.010643959552953698
dribbles,0.014901543374135177
passes_completed_short,0.1766897285790314
passes_short,0.20755721128259713
passes_completed_medium,0.21820117083555082
passes_medium,0.24161788185204897
passes_completed_long,0.04257583821181479
passes_long,0.06279936136242682
passes_total_distance,8.18147951037786
passes_free_kicks,0.013304949441192123
through_balls,0.0
passes_pressure,0.13145290047897817
passes_switches,0.009047365620010643
crosses,0.0037253858435337944
corner_kicks,0.0
passes_intercepted,0.013837147418839808
passes_blocked,0.009047365620010643
dispossessed,0.012240553485896753
goals,0.0
assists,0.0005321979776476849
pens_made,0.0
pens_att,0.0
shots_total,0.012240553485896753
shots_on_target,0.004257583821181479
sca,0.013837147418839808
gca,0.0010643959552953698
xg,0.0005854177754124535
crosses_into_penalty_area,0.0
passes_into_final_third,0.031931878658861094
passes_into_penalty_area,0.0021287919105907396
progressive_passes,0.047897817988291645
carry_progressive_distance,1.1176157530601383
assisted_shots,0.004789781798829164
fouled,0.017562533262373604
pens_won,0.0
tackles,0.024481106971793506
interceptions,0.016498137307078234
blocks,0.018094731240021287
tackles_won,0.018094731240021287
dribble_tackles,0.004257583821181479
dribbles_vs,0.020223523150612027
pressures,0.22192655667908462
pressure_regains,0.06492815327301757
clearances,0.015965939329430547
errors,0.0005321979776476849
aerials_won,0.013837147418839808
aerials_lost,0.014369345396487493
ball_recoveries,0.11335816923895689
pens_conceded,0.0
fouls,0.023416711016498136
cards_yellow_red,0.0
