position,FW
passes_completed,0.25583405358686256
passes,0.40276577355229043
dribbles_completed,0.009075194468452896
dribbles,0.01944684528954192
passes_completed_short,0.13958513396715644
passes_short,0.19230769230769232
passes_completed_medium,0.07951598962834917
passes_medium,0.12834917891097666
passes_completed_long,0.028522039757994815
passes_long,0.05445116681071737
passes_total_distance,4.210458081244598
passes_free_kicks,0.00216076058772688
through_balls,0.001728608470181504
passes_pressure,0.08426966292134831
passes_switches,0.012100259291270527
crosses,0.018150388936905792
corner_kicks,0.00648228176318064
passes_intercepted,0.016421780466724288
passes_blocked,0.021175453759723423
dispossessed,0.01512532411408816
goals,0.000432152117545376
assists,0.001728608470181504
pens_made,0.0
pens_att,0.0
shots_total,0.022039757994814176
shots_on_target,0.007346585998271392
sca,0.024200518582541054
gca,0.0025929127052722557
xg,0.0016853932584269665
crosses_into_penalty_area,0.003025064822817632
passes_into_final_third,0.024632670700086432
passes_into_penalty_area,0.009075194468452896
progressive_passes,0.027225583405358685
carry_progressive_distance,0.9576490924805532
assisted_shots,0.010371650821089023
fouled,0.024200518582541054
pens_won,0.0
tackles,0.02247191011235955
interceptions,0.007346585998271392
blocks,0.010371650821089023
tackles_won,0.013396715643906655
dribble_tackles,0.00648228176318064
dribbles_vs,0.017718236819360415
pressures,0.18366464995678478
pressure_regains,0.04148660328435609
clearances,0.009075194468452896
errors,0.000432152117545376
aerials_won,0.023336214347450302
aerials_lost,0.026361279170267933
ball_recoveries,0.06784788245462403
pens_conceded,0.0
fouls,0.01944684528954192
cards_yellow_red,0.0
