position,FW
passes_completed,0.2088607594936709
passes,0.2890295358649789
dribbles_completed,0.0189873417721519
dribbles,0.02109704641350211
passes_completed_short,0.11392405063291139
passes_short,0.1371308016877637
passes_completed_medium,0.0759493670886076
passes_medium,0.12236286919831224
passes_completed_long,0.0189873417721519
passes_long,0.029535864978902954
passes_total_distance,3.5527426160337554
passes_free_kicks,0.0
through_balls,0.0
passes_pressure,0.04219409282700422
passes_switches,0.008438818565400843
crosses,0.03164556962025317
corner_kicks,0.0
passes_intercepted,0.010548523206751054
passes_blocked,0.008438818565400843
dispossessed,0.014767932489451477
goals,0.006329113924050633
assists,0.004219409282700422
pens_made,0.0
pens_att,0.0
shots_total,0.03164556962025317
shots_on_target,0.014767932489451477
sca,0.023206751054852322
gca,0.008438818565400843
xg,0.006118143459915612
crosses_into_penalty_area,0.008438818565400843
passes_into_final_third,0.010548523206751054
passes_into_penalty_area,0.012658227848101266
progressive_passes,0.012658227848101266
carry_progressive_distance,1.1075949367088607
assisted_shots,0.014767932489451477
fouled,0.016877637130801686
pens_won,0.0
tackles,0.008438818565400843
interceptions,0.006329113924050633
blocks,0.006329113924050633
tackles_won,0.008438818565400843
dribble_tackles,0.002109704641350211
dribbles_vs,0.014767932489451477
pressures,0.25738396624472576
pressure_regains,0.05907172995780591
clearances,0.010548523206751054
errors,0.0
aerials_won,0.008438818565400843
aerials_lost,0.027426160337552744
ball_recoveries,0.052742616033755275
pens_conceded,0.0
fouls,0.02531645569620253
cards_yellow_red,0.0
