position,FW
passes_completed,0.1589975349219392
passes,0.22884141331142152
dribbles_completed,0.002875924404272802
dribbles,0.010682004930156122
passes_completed_short,0.10271158586688578
passes_short,0.13311421528348397
passes_completed_medium,0.043549712407559574
passes_medium,0.06614626129827444
passes_completed_long,0.0049301561216105174
passes_long,0.010271158586688579
passes_total_distance,2.0928512736236646
passes_free_kicks,0.0004108463434675431
through_balls,0.0004108463434675431
passes_pressure,0.06080525883319639
passes_switches,0.0016433853738701725
crosses,0.0012325390304026294
corner_kicks,0.0
passes_intercepted,0.00657354149548069
passes_blocked,0.01314708299096138
dispossessed,0.012325390304026294
goals,0.002875924404272802
assists,0.0004108463434675431
pens_made,0.0004108463434675431
pens_att,0.0008216926869350862
shots_total,0.023007395234182416
shots_on_target,0.007395234182415777
sca,0.013968775677896467
gca,0.0016433853738701725
xg,0.003985209531635169
crosses_into_penalty_area,0.0004108463434675431
passes_into_final_third,0.008627773212818405
passes_into_penalty_area,0.0024650780608052587
progressive_passes,0.00657354149548069
carry_progressive_distance,0.4161873459326212
assisted_shots,0.005751848808545604
fouled,0.008216926869350863
pens_won,0.0004108463434675431
tackles,0.009038619556285949
interceptions,0.0016433853738701725
blocks,0.012736236647493838
tackles_won,0.0049301561216105174
dribble_tackles,0.0012325390304026294
dribbles_vs,0.01602300739523418
pressures,0.28225143796220215
pressure_regains,0.050534100246507806
clearances,0.0049301561216105174
errors,0.0004108463434675431
aerials_won,0.028348397699260477
aerials_lost,0.04437140509449466
ball_recoveries,0.04724732949876746
pens_conceded,0.0
fouls,0.0238290879211175
cards_yellow_red,0.0
