position,CB
passes_completed,0.5194805194805194
passes,0.5982017982017982
dribbles_completed,0.005394605394605395
dribbles,0.008191808191808193
passes_completed_short,0.201998001998002
passes_short,0.21838161838161838
passes_completed_medium,0.23196803196803198
passes_medium,0.2521478521478521
passes_completed_long,0.07972027972027972
passes_long,0.11548451548451548
passes_total_distance,10.422777222777222
passes_free_kicks,0.02117882117882118
through_balls,0.0003996003996003996
passes_pressure,0.08511488511488512
passes_switches,0.013186813186813187
crosses,0.0011988011988011988
corner_kicks,0.0
passes_intercepted,0.005794205794205794
passes_blocked,0.007592407592407592
dispossessed,0.004795204795204795
goals,0.0003996003996003996
assists,0.0005994005994005994
pens_made,0.0
pens_att,0.0
shots_total,0.004995004995004995
shots_on_target,0.0013986013986013986
sca,0.01098901098901099
gca,0.0015984015984015984
xg,0.0002597402597402597
crosses_into_penalty_area,0.0005994005994005994
passes_into_final_third,0.02857142857142857
passes_into_penalty_area,0.003196803196803197
progressive_passes,0.02937062937062937
carry_progressive_distance,1.4413586413586414
assisted_shots,0.003196803196803197
fouled,0.012987012987012988
pens_won,0.0
tackles,0.03016983016983017
interceptions,0.008591408591408592
blocks,0.018581418581418582
tackles_won,0.01898101898101898
dribble_tackles,0.01018981018981019
dribbles_vs,0.024575424575424575
pressures,0.14925074925074924
pressure_regains,0.05654345654345654
clearances,0.041758241758241756
errors,0.0001998001998001998
aerials_won,0.024775224775224775
aerials_lost,0.016783216783216783
ball_recoveries,0.11788211788211789
pens_conceded,0.0003996003996003996
fouls,0.011188811188811189
cards_yellow_red,0.0
