position,CB
passes_completed,0.3136024423337856
passes,0.41027815468113976
dribbles_completed,0.0033921302578018998
dribbles,0.004409769335142469
passes_completed_short,0.08565128900949796
passes_short,0.10176390773405698
passes_completed_medium,0.15434192672998642
passes_medium,0.18588873812754408
passes_completed_long,0.07191316146540028
passes_long,0.11601085481682497
passes_total_distance,7.172489823609227
passes_free_kicks,0.015094979647218454
through_balls,0.00016960651289009497
passes_pressure,0.05885345997286296
passes_switches,0.010006784260515603
crosses,0.0027137042062415195
corner_kicks,0.0
passes_intercepted,0.006105834464043419
passes_blocked,0.0067842605156037995
dispossessed,0.0037313432835820895
goals,0.0
assists,0.00016960651289009497
pens_made,0.0
pens_att,0.0
shots_total,0.0047489823609226595
shots_on_target,0.00033921302578018993
sca,0.004409769335142469
gca,0.00033921302578018993
xg,0.0003222523744911805
crosses_into_penalty_area,0.00016960651289009497
passes_into_final_third,0.019843962008141112
passes_into_penalty_area,0.0015264586160108548
progressive_passes,0.02391451831750339
carry_progressive_distance,0.6307666214382632
assisted_shots,0.0015264586160108548
fouled,0.004409769335142469
pens_won,0.0
tackles,0.016112618724559023
interceptions,0.013059701492537313
blocks,0.023066485753052916
tackles_won,0.010685210312075984
dribble_tackles,0.006105834464043419
dribbles_vs,0.013568521031207599
pressures,0.13059701492537312
pressure_regains,0.04375848032564451
clearances,0.0574966078697422
errors,0.0008480325644504749
aerials_won,0.026628222523744912
aerials_lost,0.011872455902306648
ball_recoveries,0.12415196743554953
pens_conceded,0.00033921302578018993
fouls,0.004240162822252374
cards_yellow_red,0.0
