position,CB
passes_completed,0.2303370786516854
passes,0.2929373996789727
dribbles_completed,0.0
dribbles,0.0
passes_completed_short,0.06821829855537721
passes_short,0.0826645264847512
passes_completed_medium,0.11476725521669343
passes_medium,0.13723916532905298
passes_completed_long,0.045746388443017656
passes_long,0.06741573033707865
passes_total_distance,5.121187800963082
passes_free_kicks,0.004815409309791332
through_balls,0.0
passes_pressure,0.03691813804173355
passes_switches,0.01043338683788122
crosses,0.002407704654895666
corner_kicks,0.0
passes_intercepted,0.0008025682182985554
passes_blocked,0.0032102728731942215
dispossessed,0.0
goals,0.0
assists,0.0
pens_made,0.0
pens_att,0.0
shots_total,0.0032102728731942215
shots_on_target,0.0
sca,0.0040128410914927765
gca,0.0008025682182985554
xg,0.00024077046548956664
crosses_into_penalty_area,0.0016051364365971107
passes_into_final_third,0.021669341894060994
passes_into_penalty_area,0.002407704654895666
progressive_passes,0.015248796147672551
carry_progressive_distance,0.4044943820224719
assisted_shots,0.002407704654895666
fouled,0.004815409309791332
pens_won,0.0
tackles,0.011235955056179775
interceptions,0.013643659711075442
blocks,0.015248796147672551
tackles_won,0.0056179775280898875
dribble_tackles,0.006420545746388443
dribbles_vs,0.012841091492776886
pressures,0.06179775280898876
pressure_regains,0.01765650080256822
clearances,0.05457463884430177
errors,0.0
aerials_won,0.012038523274478331
aerials_lost,0.0072231139646869984
ball_recoveries,0.09550561797752809
pens_conceded,0.0
fouls,0.01043338683788122
cards_yellow_red,0.0
