position,CM
passes_completed,0.2578125
passes,0.3828125
dribbles_completed,0.028645833333333332
dribbles,0.041666666666666664
passes_completed_short,0.13020833333333334
passes_short,0.18229166666666666
passes_completed_medium,0.0859375
passes_medium,0.109375
passes_completed_long,0.036458333333333336
passes_long,0.0703125
passes_total_distance,4.575520833333333
passes_free_kicks,0.010416666666666666
through_balls,0.005208333333333333
passes_pressure,0.09375
passes_switches,0.013020833333333334
crosses,0.013020833333333334
corner_kicks,0.03125
passes_intercepted,0.015625
passes_blocked,0.015625
dispossessed,0.036458333333333336
goals,0.0
assists,0.0
pens_made,0.0
pens_att,0.0
shots_total,0.015625
shots_on_target,0.010416666666666666
sca,0.028645833333333332
gca,0.0
xg,0.0010416666666666667
crosses_into_penalty_area,0.0
passes_into_final_third,0.013020833333333334
passes_into_penalty_area,0.013020833333333334
progressive_passes,0.033854166666666664
carry_progressive_distance,1.5598958333333333
assisted_shots,0.013020833333333334
fouled,0.020833333333333332
pens_won,0.0
tackles,0.026041666666666668
interceptions,0.005208333333333333
blocks,0.005208333333333333
tackles_won,0.018229166666666668
dribble_tackles,0.015625
dribbles_vs,0.028645833333333332
pressures,0.20052083333333334
pressure_regains,0.06510416666666667
clearances,0.0026041666666666665
errors,0.0
aerials_won,0.010416666666666666
aerials_lost,0.018229166666666668
ball_recoveries,0.09114583333333333
pens_conceded,0.0
fouls,0.010416666666666666
cards_yellow_red,0.0
