position,LW
passes_completed,0.3891213389121339
passes,0.45397489539748953
dribbles_completed,0.016736401673640166
dribbles,0.03765690376569038
passes_completed_short,0.2175732217573222
passes_short,0.2489539748953975
passes_completed_medium,0.13179916317991633
passes_medium,0.1506276150627615
passes_completed_long,0.03347280334728033
passes_long,0.0397489539748954
passes_total_distance,6.202928870292887
passes_free_kicks,0.010460251046025104
through_balls,0.0041841004184100415
passes_pressure,0.13598326359832635
passes_switches,0.006276150627615063
crosses,0.008368200836820083
corner_kicks,0.010460251046025104
passes_intercepted,0.014644351464435146
passes_blocked,0.014644351464435146
dispossessed,0.014644351464435146
goals,0.0
assists,0.0020920502092050207
pens_made,0.0
pens_att,0.0
shots_total,0.02092050209205021
shots_on_target,0.0041841004184100415
sca,0.043933054393305436
gca,0.0020920502092050207
xg,0.0004184100418410042
crosses_into_penalty_area,0.0
passes_into_final_third,0.027196652719665274
passes_into_penalty_area,0.02301255230125523
progressive_passes,0.05439330543933055
carry_progressive_distance,1.9476987447698744
assisted_shots,0.01882845188284519
fouled,0.03347280334728033
pens_won,0.0
tackles,0.006276150627615063
interceptions,0.0020920502092050207
blocks,0.02510460251046025
tackles_won,0.0041841004184100415
dribble_tackles,0.0020920502092050207
dribbles_vs,0.016736401673640166
pressures,0.2824267782426778
pressure_regains,0.060669456066945605
clearances,0.0020920502092050207
errors,0.0
aerials_won,0.0
aerials_lost,0.008368200836820083
ball_recoveries,0.06694560669456066
pens_conceded,0.0
fouls,0.006276150627615063
cards_yellow_red,0.0
