position,RW
passes_completed,0.24677716390423574
passes,0.3139963167587477
dribbles_completed,0.014732965009208104
dribbles,0.026703499079189688
passes_completed_short,0.13075506445672191
passes_short,0.1514732965009208
passes_completed_medium,0.09714548802946593
passes_medium,0.12062615101289134
passes_completed_long,0.01427255985267035
passes_long,0.029005524861878452
passes_total_distance,3.8402394106813995
passes_free_kicks,0.0009208103130755065
through_balls,0.0009208103130755065
passes_pressure,0.06629834254143646
passes_switches,0.0032228360957642726
crosses,0.014732965009208104
corner_kicks,0.0013812154696132596
passes_intercepted,0.01151012891344383
passes_blocked,0.009208103130755065
dispossessed,0.026243093922651933
goals,0.0032228360957642726
assists,0.0009208103130755065
pens_made,0.0
pens_att,0.00046040515653775324
shots_total,0.026243093922651933
shots_on_target,0.010128913443830571
sca,0.03038674033149171
gca,0.0032228360957642726
xg,0.002946593001841621
crosses_into_penalty_area,0.004143646408839779
passes_into_final_third,0.014732965009208104
passes_into_penalty_area,0.009668508287292817
progressive_passes,0.03130755064456722
carry_progressive_distance,1.141804788213628
assisted_shots,0.010589318600368325
fouled,0.01703499079189687
pens_won,0.0
tackles,0.017495395948434623
interceptions,0.006445672191528545
blocks,0.014732965009208104
tackles_won,0.01289134438305709
dribble_tackles,0.0032228360957642726
dribbles_vs,0.016114180478821363
pressures,0.28591160220994477
pressure_regains,0.07918968692449356
clearances,0.003683241252302026
errors,0.00046040515653775324
aerials_won,0.008747697974217311
aerials_lost,0.017495395948434623
ball_recoveries,0.07044198895027624
pens_conceded,0.0
fouls,0.013351749539594844
cards_yellow_red,0.0
