position,FW
passes_completed,0.5599038791623756
passes,0.6814280810161346
dribbles_completed,0.008582217645039478
dribbles,0.010641949879848954
passes_completed_short,0.2533470648815654
passes_short,0.2825266048746996
passes_completed_medium,0.24373498111912117
passes_medium,0.29076553381393755
passes_completed_long,0.0542396155166495
passes_long,0.08650875386199794
passes_total_distance,9.92825266048747
passes_free_kicks,0.010641949879848954
through_balls,0.0
passes_pressure,0.08788190868520426
passes_switches,0.01682114658427738
crosses,0.022313765877102643
corner_kicks,0.005149330587023687
passes_intercepted,0.013044970820460007
passes_blocked,0.013731548232063165
dispossessed,0.005149330587023687
goals,0.0006865774116031583
assists,0.00034328870580157915
pens_made,0.0
pens_att,0.0
shots_total,0.004462753175420529
shots_on_target,0.0020597322348094747
sca,0.013044970820460007
gca,0.0006865774116031583
xg,0.00024030209406110539
crosses_into_penalty_area,0.005149330587023687
passes_into_final_third,0.046000686577411604
passes_into_penalty_area,0.009612083762444216
progressive_passes,0.0624785444558874
carry_progressive_distance,1.4352900789564023
assisted_shots,0.009268795056642637
fouled,0.004462753175420529
pens_won,0.0
tackles,0.028492962581531067
interceptions,0.014761414349467903
blocks,0.026433230346721594
tackles_won,0.01579128046687264
dribble_tackles,0.013388259526261586
dribbles_vs,0.032612427051150014
pressures,0.16821146584277377
pressure_regains,0.05115001716443529
clearances,0.029522828698935806
errors,0.0
aerials_won,0.008582217645039478
aerials_lost,0.009612083762444216
ball_recoveries,0.09646412633024373
pens_conceded,0.00034328870580157915
fouls,0.009268795056642637
cards_yellow_red,0.0
