position,CM
passes_completed,0.3533246414602347
passes,0.470013037809648
dribbles_completed,0.003911342894393742
dribbles,0.005867014341590613
passes_completed_short,0.13624511082138202
passes_short,0.15971316818774445
passes_completed_medium,0.16492829204693613
passes_medium,0.19230769230769232
passes_completed_long,0.0423728813559322
passes_long,0.09517601043024772
passes_total_distance,6.7490221642764014
passes_free_kicks,0.0469361147327249
through_balls,0.001303780964797914
passes_pressure,0.058018252933507174
passes_switches,0.02346805736636245
crosses,0.029335071707953065
corner_kicks,0.03585397653194263
passes_intercepted,0.007822685788787484
passes_blocked,0.01499348109517601
dispossessed,0.007170795306388526
goals,0.001955671447196871
assists,0.003259452411994785
pens_made,0.0
pens_att,0.0
shots_total,0.018904823989569754
shots_on_target,0.00651890482398957
sca,0.037157757496740544
gca,0.0045632333767926985
xg,0.00091264667535854
crosses_into_penalty_area,0.003259452411994785
passes_into_final_third,0.03259452411994785
passes_into_penalty_area,0.009126466753585397
progressive_passes,0.028683181225554105
carry_progressive_distance,0.47196870925684486
assisted_shots,0.024119947848761408
fouled,0.013689700130378096
pens_won,0.000651890482398957
tackles,0.013689700130378096
interceptions,0.001955671447196871
blocks,0.017601043024771838
tackles_won,0.009126466753585397
dribble_tackles,0.005215123859191656
dribbles_vs,0.01564537157757497
pressures,0.14602346805736635
pressure_regains,0.024771838331160364
clearances,0.01564537157757497
errors,0.0
aerials_won,0.007170795306388526
aerials_lost,0.00651890482398957
ball_recoveries,0.08279009126466753
pens_conceded,0.0
fouls,0.009126466753585397
cards_yellow_red,0.0
