position,LW
passes_completed,0.19741545229584823
passes,0.2897992851251031
dribbles_completed,0.022546054440472918
dribbles,0.03656860049491339
passes_completed_short,0.10970580148474017
passes_short,0.14627440197965355
passes_completed_medium,0.05581523233434149
passes_medium,0.08056090184217762
passes_completed_long,0.02309595820731372
passes_long,0.03959307121253781
passes_total_distance,3.219686554852901
passes_free_kicks,0.0005499037668408029
through_balls,0.0008248556502612042
passes_pressure,0.07203739345614517
passes_switches,0.012922738520758868
crosses,0.015947209238383282
corner_kicks,0.00027495188342040145
passes_intercepted,0.008248556502612043
passes_blocked,0.016497113005224086
dispossessed,0.026395380808358536
goals,0.002474566950783613
assists,0.0010998075336816058
pens_made,0.0005499037668408029
pens_att,0.0005499037668408029
shots_total,0.03409403354412978
shots_on_target,0.010448171569975254
sca,0.032169370360186966
gca,0.0035743744844652188
xg,0.0039043167445697003
crosses_into_penalty_area,0.004674182018146824
passes_into_final_third,0.013197690404179268
passes_into_penalty_area,0.012097882870497663
progressive_passes,0.02117129502337091
carry_progressive_distance,1.2991476491613967
assisted_shots,0.01182293098707726
fouled,0.02117129502337091
pens_won,0.00027495188342040145
tackles,0.010723123453395655
interceptions,0.005499037668408029
blocks,0.014297497937860875
tackles_won,0.007973604619191641
dribble_tackles,0.0035743744844652188
dribbles_vs,0.010998075336816057
pressures,0.1919164146274402
pressure_regains,0.041792686279901015
clearances,0.00769865273577124
errors,0.0
aerials_won,0.022271102557052516
aerials_lost,0.039318119329117406
ball_recoveries,0.054715424800659884
pens_conceded,0.00027495188342040145
fouls,0.01347264228759967
cards_yellow_red,0.00027495188342040145
