position,AM
passes_completed,0.28666035950804164
passes,0.3812677388836329
dribbles_completed,0.017975402081362345
dribbles,0.027436140018921477
passes_completed_short,0.13859981078524125
passes_short,0.15894039735099338
passes_completed_medium,0.10122989593188268
passes_medium,0.12630085146641437
passes_completed_long,0.041627246925260174
passes_long,0.07899716177861874
passes_total_distance,5.294228949858089
passes_free_kicks,0.009933774834437087
through_balls,0.0004730368968779565
passes_pressure,0.08893093661305582
passes_switches,0.015137180700094607
crosses,0.01466414380321665
corner_kicks,0.027436140018921477
passes_intercepted,0.007568590350047304
passes_blocked,0.010406811731315043
dispossessed,0.02554399243140965
goals,0.000946073793755913
assists,0.001892147587511826
pens_made,0.0
pens_att,0.0
shots_total,0.023651844843897825
shots_on_target,0.008987701040681173
sca,0.04257332071901608
gca,0.005676442762535478
xg,0.0026490066225165563
crosses_into_penalty_area,0.0014191106906338694
passes_into_final_third,0.028855250709555344
passes_into_penalty_area,0.007568590350047304
progressive_passes,0.03216650898770104
carry_progressive_distance,1.2298959318826868
assisted_shots,0.01892147587511826
fouled,0.01892147587511826
pens_won,0.0
tackles,0.013718070009460738
interceptions,0.004730368968779565
blocks,0.008987701040681173
tackles_won,0.009933774834437087
dribble_tackles,0.0023651844843897824
dribbles_vs,0.016556291390728478
pressures,0.23226111636707664
pressure_regains,0.06669820245979187
clearances,0.003784295175023652
errors,0.0
aerials_won,0.007568590350047304
aerials_lost,0.024124881740775782
ball_recoveries,0.08372753074739829
pens_conceded,0.0
fouls,0.014191106906338695
cards_yellow_red,0.0
