position,DM
passes_completed,0.34258027740832225
passes,0.4240927227816835
dribbles_completed,0.0019000570017100513
dribbles,0.003230096902907087
passes_completed_short,0.13927417822534677
passes_short,0.1664449933498005
passes_completed_medium,0.14383431502945088
passes_medium,0.16967509025270758
passes_completed_long,0.052061561846855405
passes_long,0.07467224016720501
passes_total_distance,6.631008930267908
passes_free_kicks,0.01406042181265438
through_balls,0.0003800114003420103
passes_pressure,0.06441193235797074
passes_switches,0.015390461713851415
crosses,0.002850085502565077
corner_kicks,0.0
passes_intercepted,0.005510165304959149
passes_blocked,0.00665019950598518
dispossessed,0.004370131103933118
goals,0.0009500285008550256
assists,0.0
pens_made,0.0
pens_att,0.0
shots_total,0.008740262207866237
shots_on_target,0.0038001140034201026
sca,0.01520045601368041
gca,0.0011400342010260307
xg,0.0007030210906327191
crosses_into_penalty_area,0.0005700171005130154
passes_into_final_third,0.03496104883146495
passes_into_penalty_area,0.003420102603078092
progressive_passes,0.035721071632148965
carry_progressive_distance,0.6034581037431123
assisted_shots,0.005890176705301159
fouled,0.009500285008550257
pens_won,0.0
tackles,0.02546076382291469
interceptions,0.010830324909747292
blocks,0.01995059851795554
tackles_won,0.015390461713851415
dribble_tackles,0.010070302109063272
dribbles_vs,0.033060991829754895
pressures,0.23180695420862626
pressure_regains,0.06536196085882577
clearances,0.03078092342770283
errors,0.00019000570017100514
aerials_won,0.025080752422572676
aerials_lost,0.020710621318639558
ball_recoveries,0.1185635569067072
pens_conceded,0.0
fouls,0.017670530115903478
cards_yellow_red,0.0
