position,DM
passes_completed,0.4450881004103307
passes,0.5406710113444364
dribbles_completed,0.0032585083272990588
dribbles,0.004706734250543085
passes_completed_short,0.14156408399710355
passes_short,0.16533912623702632
passes_completed_medium,0.2095100168959691
passes_medium,0.2428192131305817
passes_completed_long,0.08918657977311127
passes_long,0.12140960656529085
passes_total_distance,9.54537774559498
passes_free_kicks,0.010741008930726527
through_balls,0.0002413709872073377
passes_pressure,0.08303161959932416
passes_switches,0.022085445329471397
crosses,0.0018102824040550326
corner_kicks,0.0003620564808110065
passes_intercepted,0.006034274680183442
passes_blocked,0.0066377021482017864
dispossessed,0.005430847212165098
goals,0.0
assists,0.0003620564808110065
pens_made,0.0
pens_att,0.0
shots_total,0.004465363263335747
shots_on_target,0.0003620564808110065
sca,0.00941346850108617
gca,0.000724112961622013
xg,7.241129616220131e-05
crosses_into_penalty_area,0.0006034274680183442
passes_into_final_third,0.04501568911416848
passes_into_penalty_area,0.002293024378469708
progressive_passes,0.037171132029930005
carry_progressive_distance,0.7085445329471397
assisted_shots,0.004586048756939416
fouled,0.010741008930726527
pens_won,0.0
tackles,0.02280955829109341
interceptions,0.01448225923244026
blocks,0.015327057687665943
tackles_won,0.015085686700458605
dribble_tackles,0.007723871590634806
dribbles_vs,0.02799903451605117
pressures,0.1749939657253198
pressure_regains,0.05249818971759594
clearances,0.02280955829109341
errors,0.0002413709872073377
aerials_won,0.013878831764421916
aerials_lost,0.010137581462708182
ball_recoveries,0.15628771421675114
pens_conceded,0.0003620564808110065
fouls,0.01882693700217234
cards_yellow_red,0.0
