position,FW
passes_completed,0.25757575757575757
passes,0.32765151515151514
dribbles_completed,0.014204545454545454
dribbles,0.019886363636363636
passes_completed_short,0.1259469696969697
passes_short,0.1534090909090909
passes_completed_medium,0.09564393939393939
passes_medium,0.11553030303030302
passes_completed_long,0.023674242424242424
passes_long,0.035037878787878785
passes_total_distance,4.274621212121212
passes_free_kicks,0.000946969696969697
through_balls,0.002840909090909091
passes_pressure,0.07481060606060606
passes_switches,0.006628787878787879
crosses,0.006628787878787879
corner_kicks,0.0
passes_intercepted,0.007575757575757576
passes_blocked,0.016098484848484848
dispossessed,0.021780303030303032
goals,0.003787878787878788
assists,0.001893939393939394
pens_made,0.0
pens_att,0.0
shots_total,0.043560606060606064
shots_on_target,0.013257575757575758
sca,0.04071969696969697
gca,0.004734848484848485
xg,0.003977272727272727
crosses_into_penalty_area,0.0
passes_into_final_third,0.019886363636363636
passes_into_penalty_area,0.01893939393939394
progressive_passes,0.04450757575757576
carry_progressive_distance,1.0464015151515151
assisted_shots,0.020833333333333332
fouled,0.01893939393939394
pens_won,0.0
tackles,0.002840909090909091
interceptions,0.0
blocks,0.002840909090909091
tackles_won,0.001893939393939394
dribble_tackles,0.000946969696969697
dribbles_vs,0.004734848484848485
pressures,0.14772727272727273
pressure_regains,0.038825757575757576
clearances,0.001893939393939394
errors,0.0
aerials_won,0.002840909090909091
aerials_lost,0.015151515151515152
ball_recoveries,0.05303030303030303
pens_conceded,0.0
fouls,0.005681818181818182
cards_yellow_red,0.0
