position,RB
passes_completed,0.8084750487872874
passes,0.9219403401170895
dribbles_completed,0.007527181488709228
dribbles,0.011430164482854754
passes_completed_short,0.3585168664622247
passes_short,0.37831056593253415
passes_completed_medium,0.36883189294675217
passes_medium,0.40702536938946193
passes_completed_long,0.07499303038751046
passes_long,0.11569556732645665
passes_total_distance,14.448843044326736
passes_free_kicks,0.007805965988291051
through_balls,0.0005575689991636465
passes_pressure,0.12907722330638416
passes_switches,0.01533314747700028
crosses,0.014775578477836632
corner_kicks,0.0
passes_intercepted,0.01115137998327293
passes_blocked,0.018678561471982158
dispossessed,0.006133258990800111
goals,0.0016727069974909396
assists,0.0005575689991636465
pens_made,0.0
pens_att,0.0
shots_total,0.013102871480345692
shots_on_target,0.0039029829941455256
sca,0.022581544466127684
gca,0.002509060496236409
xg,0.0004739336492890996
crosses_into_penalty_area,0.0013939224979091162
passes_into_final_third,0.06746584889880122
passes_into_penalty_area,0.012545302481182047
progressive_passes,0.06356286590465571
carry_progressive_distance,1.8486200167270699
assisted_shots,0.005854474491218288
fouled,0.009199888486200167
pens_won,0.0
tackles,0.027042096459436855
interceptions,0.01366044047950934
blocks,0.016727069974909393
tackles_won,0.01366044047950934
dribble_tackles,0.012266517981600222
dribbles_vs,0.022023975466964038
pressures,0.10677446333983831
pressure_regains,0.037357122943964316
clearances,0.03261778645107332
errors,0.00027878449958182325
aerials_won,0.01115137998327293
aerials_lost,0.008084750487872874
ball_recoveries,0.10287148034569278
pens_conceded,0.00027878449958182325
fouls,0.011708948982436577
cards_yellow_red,0.00027878449958182325
