position,FW
passes_completed,0.15048951048951048
passes,0.2441958041958042
dribbles_completed,0.01062937062937063
dribbles,0.02125874125874126
passes_completed_short,0.08531468531468532
passes_short,0.12027972027972028
passes_completed_medium,0.04727272727272727
passes_medium,0.0827972027972028
passes_completed_long,0.013426573426573427
passes_long,0.023776223776223775
passes_total_distance,2.40027972027972
passes_free_kicks,0.0008391608391608392
through_balls,0.0011188811188811189
passes_pressure,0.05342657342657343
passes_switches,0.005594405594405594
crosses,0.008111888111888113
corner_kicks,0.0
passes_intercepted,0.008391608391608392
passes_blocked,0.013426573426573427
dispossessed,0.021538461538461538
goals,0.0044755244755244755
assists,0.0008391608391608392
pens_made,0.0002797202797202797
pens_att,0.0002797202797202797
shots_total,0.027412587412587414
shots_on_target,0.009790209790209791
sca,0.024615384615384615
gca,0.003916083916083916
xg,0.004055944055944056
crosses_into_penalty_area,0.0005594405594405594
passes_into_final_third,0.012587412587412588
passes_into_penalty_area,0.005594405594405594
progressive_passes,0.017902097902097902
carry_progressive_distance,0.6551048951048951
assisted_shots,0.008391608391608392
fouled,0.011748251748251748
pens_won,0.0
tackles,0.006713286713286713
interceptions,0.002797202797202797
blocks,0.012027972027972029
tackles_won,0.0044755244755244755
dribble_tackles,0.0022377622377622378
dribbles_vs,0.012587412587412588
pressures,0.16811188811188812
pressure_regains,0.04699300699300699
clearances,0.008111888111888113
errors,0.0
aerials_won,0.022377622377622378
aerials_lost,0.03608391608391608
ball_recoveries,0.055944055944055944
pens_conceded,0.0
fouls,0.015944055944055943
cards_yellow_red,0.0
