position,DM
passes_completed,0.33793783917118897
passes,0.47163295510606806
dribbles_completed,0.00246669955599408
dribbles,0.00246669955599408
passes_completed_short,0.12728169708929452
passes_short,0.15984213122841637
passes_completed_medium,0.13172175629008387
passes_medium,0.1726689689195856
passes_completed_long,0.0710409472126295
passes_long,0.12530833744449926
passes_total_distance,7.423285643808584
passes_free_kicks,0.022693635915145536
through_balls,0.0
passes_pressure,0.0892945239269857
passes_switches,0.03798717316230883
crosses,0.008880118401578688
corner_kicks,0.00493339911198816
passes_intercepted,0.006413418845584608
passes_blocked,0.009373458312777503
dispossessed,0.007893438579181056
goals,0.00246669955599408
assists,0.0
pens_made,0.0
pens_att,0.0
shots_total,0.017760236803157376
shots_on_target,0.0059200789343857915
sca,0.015786877158362113
gca,0.000493339911198816
xg,0.0007400098667982239
crosses_into_penalty_area,0.000986679822397632
passes_into_final_third,0.04193389245189936
passes_into_penalty_area,0.005426739023186976
progressive_passes,0.04292057227429699
carry_progressive_distance,0.571287617168229
assisted_shots,0.0059200789343857915
fouled,0.012826837691169216
pens_won,0.0
tackles,0.012826837691169216
interceptions,0.0123334977799704
blocks,0.01480019733596448
tackles_won,0.0059200789343857915
dribble_tackles,0.003453379378391712
dribbles_vs,0.014306857424765663
pressures,0.15490873211642822
pressure_regains,0.03453379378391712
clearances,0.03502713369511593
errors,0.0
aerials_won,0.021213616181549086
aerials_lost,0.015293537247163296
ball_recoveries,0.16181549087321165
pens_conceded,0.0
fouls,0.018253576714356193
cards_yellow_red,0.0
