position,CB
passes_completed,0.48671751709626515
passes,0.5895581273014203
dribbles_completed,0.0024986849026827984
dribbles,0.003682272488164124
passes_completed_short,0.15228826933193057
passes_short,0.17346133613887427
passes_completed_medium,0.245528669121515
passes_medium,0.272356654392425
passes_completed_long,0.08390320883745397
passes_long,0.13308784850078906
passes_total_distance,10.24145186743819
passes_free_kicks,0.020252498684902684
through_balls,0.000920568122041031
passes_pressure,0.09324039978958443
passes_switches,0.01499210941609679
crosses,0.0014466070489216202
corner_kicks,0.0
passes_intercepted,0.005786428195686481
passes_blocked,0.00775907417148869
dispossessed,0.0038137822198842713
goals,0.0006575486586007364
assists,0.00039452919516044186
pens_made,0.0
pens_att,0.0
shots_total,0.0052603892688058915
shots_on_target,0.002235665439242504
sca,0.008942661756970016
gca,0.0013150973172014729
xg,0.00042083114150447137
crosses_into_penalty_area,0.0005260389268805891
passes_into_final_third,0.035113098369279325
passes_into_penalty_area,0.0026301946344029457
progressive_passes,0.036559705418200944
carry_progressive_distance,1.3934771173066807
assisted_shots,0.0035507627564439767
fouled,0.008942661756970016
pens_won,0.0001315097317201473
tackles,0.01709626512361915
interceptions,0.009074171488690164
blocks,0.016964755391899
tackles_won,0.012493424513413993
dribble_tackles,0.005391899000526039
dribbles_vs,0.015781167806417674
pressures,0.1109942135718043
pressure_regains,0.033929510783798
clearances,0.03971593897948448
errors,0.00039452919516044186
aerials_won,0.018148342977380327
aerials_lost,0.014203051025775907
ball_recoveries,0.13321935823250922
pens_conceded,0.00039452919516044186
fouls,0.013019463440294582
cards_yellow_red,0.0001315097317201473
