position,FW
passes_completed,0.16295025728987994
passes,0.2555746140651801
dribbles_completed,0.014579759862778732
dribbles,0.02144082332761578
passes_completed_short,0.0797598627787307
passes_short,0.11578044596912522
passes_completed_medium,0.060034305317324184
passes_medium,0.08490566037735849
passes_completed_long,0.015437392795883362
passes_long,0.026586620926243566
passes_total_distance,2.6380789022298456
passes_free_kicks,0.0017152658662092624
through_balls,0.0
passes_pressure,0.07204116638078903
passes_switches,0.006003430531732418
crosses,0.0017152658662092624
corner_kicks,0.0008576329331046312
passes_intercepted,0.002572898799313894
passes_blocked,0.02058319039451115
dispossessed,0.02058319039451115
goals,0.005145797598627788
assists,0.0008576329331046312
pens_made,0.0
pens_att,0.0
shots_total,0.024013722126929673
shots_on_target,0.009433962264150943
sca,0.02144082332761578
gca,0.002572898799313894
xg,0.0021440823327615786
crosses_into_penalty_area,0.0
passes_into_final_third,0.018010291595197257
passes_into_penalty_area,0.004288164665523156
progressive_passes,0.016295025728987993
carry_progressive_distance,0.6209262435677531
assisted_shots,0.006003430531732418
fouled,0.018867924528301886
pens_won,0.0
tackles,0.016295025728987993
interceptions,0.0017152658662092624
blocks,0.012006861063464836
tackles_won,0.012006861063464836
dribble_tackles,0.004288164665523156
dribbles_vs,0.014579759862778732
pressures,0.2787307032590051
pressure_regains,0.07718696397941681
clearances,0.007718696397941681
errors,0.0
aerials_won,0.024013722126929673
aerials_lost,0.04716981132075472
ball_recoveries,0.04288164665523156
pens_conceded,0.0
fouls,0.016295025728987993
cards_yellow_red,0.0
