position,DM
passes_completed,0.366412213740458
passes,0.4488549618320611
dribbles_completed,0.010687022900763359
dribbles,0.013740458015267175
passes_completed_short,0.16412213740458015
passes_short,0.18931297709923664
passes_completed_medium,0.1618320610687023
passes_medium,0.18549618320610686
passes_completed_long,0.03358778625954199
passes_long,0.05267175572519084
passes_total_distance,6.377099236641222
passes_free_kicks,0.003816793893129771
through_balls,0.0
passes_pressure,0.09389312977099237
passes_switches,0.004580152671755725
crosses,0.0030534351145038168
corner_kicks,0.0
passes_intercepted,0.0061068702290076335
passes_blocked,0.010687022900763359
dispossessed,0.00916030534351145
goals,0.0
assists,0.0007633587786259542
pens_made,0.0
pens_att,0.0
shots_total,0.0053435114503816794
shots_on_target,0.0015267175572519084
sca,0.012213740458015267
gca,0.0022900763358778627
xg,0.00015267175572519084
crosses_into_penalty_area,0.0
passes_into_final_third,0.025954198473282442
passes_into_penalty_area,0.0061068702290076335
progressive_passes,0.029770992366412213
carry_progressive_distance,0.6961832061068702
assisted_shots,0.0053435114503816794
fouled,0.00916030534351145
pens_won,0.0
tackles,0.031297709923664124
interceptions,0.016793893129770993
blocks,0.02748091603053435
tackles_won,0.022900763358778626
dribble_tackles,0.007633587786259542
dribbles_vs,0.02900763358778626
pressures,0.19770992366412213
pressure_regains,0.0633587786259542
clearances,0.02748091603053435
errors,0.0
aerials_won,0.012977099236641221
aerials_lost,0.015267175572519083
ball_recoveries,0.11755725190839694
pens_conceded,0.0
fouls,0.013740458015267175
cards_yellow_red,0.0
