position,CB
passes_completed,0.5729004058694973
passes,0.6576646893537309
dribbles_completed,0.0034342803621604744
dribbles,0.004058694973462379
passes_completed_short,0.13487355604121137
passes_short,0.14861067748985327
passes_completed_medium,0.32438339057133936
passes_medium,0.3471745238838589
passes_completed_long,0.11161411177021542
passes_long,0.15516703090852327
passes_total_distance,12.930221667187013
passes_free_kicks,0.012644395878863566
through_balls,0.00031220730565095225
passes_pressure,0.09631595379331877
passes_switches,0.020605682172962846
crosses,0.0010927255697783327
corner_kicks,0.00015610365282547612
passes_intercepted,0.003902591320636903
passes_blocked,0.0062441461130190445
dispossessed,0.0023415547923821417
goals,0.0006244146113019045
assists,0.00015610365282547612
pens_made,0.0
pens_att,0.0
shots_total,0.006088042460193568
shots_on_target,0.0020293474867311896
sca,0.004370902279113331
gca,0.00031220730565095225
xg,0.000608804246019357
crosses_into_penalty_area,0.0
passes_into_final_third,0.037620980330939746
passes_into_penalty_area,0.0015610365282547611
progressive_passes,0.030440212300967842
carry_progressive_distance,2.0635341866999686
assisted_shots,0.0010927255697783327
fouled,0.009054011863877614
pens_won,0.00015610365282547612
tackles,0.015142054324071183
interceptions,0.010146737433655947
blocks,0.016390883546674992
tackles_won,0.010146737433655947
dribble_tackles,0.006400249765844521
dribbles_vs,0.013112706837339994
pressures,0.09288167343115829
pressure_regains,0.03371838901030284
clearances,0.050421479862628786
errors,0.00031220730565095225
aerials_won,0.024196066187948798
aerials_lost,0.015454261629722136
ball_recoveries,0.1228535747736497
pens_conceded,0.0006244146113019045
fouls,0.011863877614736186
cards_yellow_red,0.00031220730565095225
