position,LB
passes_completed,0.36344289430125326
passes,0.5015370063844881
dribbles_completed,0.015370063844880587
dribbles,0.029794277606999292
passes_completed_short,0.18656892882478127
passes_short,0.21754551903523292
passes_completed_medium,0.13714826200047292
passes_medium,0.184913691179948
passes_completed_long,0.03310475289666588
passes_long,0.07377630645542682
passes_total_distance,6.02530148971388
passes_free_kicks,0.003310475289666588
through_balls,0.0004729250413809411
passes_pressure,0.07401276897611729
passes_switches,0.010167888389690235
crosses,0.02908489004492788
corner_kicks,0.0007093875620714117
passes_intercepted,0.010404350910380705
passes_blocked,0.026483802317332703
dispossessed,0.014660676282809175
goals,0.0007093875620714117
assists,0.0009458500827618822
pens_made,0.0
pens_att,0.0
shots_total,0.010404350910380705
shots_on_target,0.0023646252069047056
sca,0.019626389217309057
gca,0.001655237644833294
xg,0.0006857413100023646
crosses_into_penalty_area,0.007330338141404587
passes_into_final_third,0.019626389217309057
passes_into_penalty_area,0.011586663513833058
progressive_passes,0.032868290375975405
carry_progressive_distance,1.9666587845826438
assisted_shots,0.008985575786237881
fouled,0.012059588555214
pens_won,0.0
tackles,0.02530148971388035
interceptions,0.006857413100023646
blocks,0.02884842752423741
tackles_won,0.01655237644833294
dribble_tackles,0.010877275951761646
dribbles_vs,0.02884842752423741
pressures,0.19981082998344762
pressure_regains,0.05509576732087964
clearances,0.01702530148971388
errors,0.0
aerials_won,0.007566800662095058
aerials_lost,0.010640813431071176
ball_recoveries,0.09813194608654528
pens_conceded,0.0
fouls,0.018444076613856705
cards_yellow_red,0.0
