position,RW
passes_completed,0.46299751243781095
passes,0.5830223880597015
dribbles_completed,0.046330845771144276
dribbles,0.07338308457711443
passes_completed_short,0.21703980099502487
passes_short,0.24720149253731344
passes_completed_medium,0.17350746268656717
passes_medium,0.2074004975124378
passes_completed_long,0.0640547263681592
passes_long,0.1013681592039801
passes_total_distance,8.531094527363184
passes_free_kicks,0.001554726368159204
through_balls,0.001554726368159204
passes_pressure,0.09763681592039801
passes_switches,0.03233830845771144
crosses,0.043843283582089554
corner_kicks,0.014303482587064677
passes_intercepted,0.009017412935323384
passes_blocked,0.021766169154228857
dispossessed,0.022388059701492536
goals,0.0018656716417910447
assists,0.004975124378109453
pens_made,0.0
pens_att,0.0
shots_total,0.024253731343283583
shots_on_target,0.009017412935323384
sca,0.06187810945273632
gca,0.010883084577114429
xg,0.0012437810945273632
crosses_into_penalty_area,0.00777363184079602
passes_into_final_third,0.03109452736318408
passes_into_penalty_area,0.024253731343283583
progressive_passes,0.05503731343283582
carry_progressive_distance,3.0730721393034828
assisted_shots,0.03451492537313433
fouled,0.011504975124378109
pens_won,0.0003109452736318408
tackles,0.008706467661691543
interceptions,0.007462686567164179
blocks,0.011194029850746268
tackles_won,0.007151741293532339
dribble_tackles,0.003109452736318408
dribbles_vs,0.012126865671641791
pressures,0.1853233830845771
pressure_regains,0.043843283582089554
clearances,0.0024875621890547263
errors,0.0
aerials_won,0.003420398009950249
aerials_lost,0.009328358208955223
ball_recoveries,0.06840796019900497
pens_conceded,0.0
fouls,0.013992537313432836
cards_yellow_red,0.0
