position,AM
passes_completed,0.2011251758087201
passes,0.31926863572433195
dribbles_completed,0.014064697609001406
dribbles,0.02531645569620253
passes_completed_short,0.12236286919831224
passes_short,0.17158931082981715
passes_completed_medium,0.057665260196905765
passes_medium,0.09423347398030943
passes_completed_long,0.012658227848101266
passes_long,0.02531645569620253
passes_total_distance,2.8931082981715894
passes_free_kicks,0.0
through_balls,0.0014064697609001407
passes_pressure,0.0970464135021097
passes_switches,0.004219409282700422
crosses,0.02531645569620253
corner_kicks,0.0028129395218002813
passes_intercepted,0.008438818565400843
passes_blocked,0.02250351617440225
dispossessed,0.03375527426160337
goals,0.0014064697609001407
assists,0.0
pens_made,0.0
pens_att,0.0
shots_total,0.035161744022503515
shots_on_target,0.012658227848101266
sca,0.026722925457102673
gca,0.0
xg,0.0022503516174402246
crosses_into_penalty_area,0.005625879043600563
passes_into_final_third,0.012658227848101266
passes_into_penalty_area,0.011251758087201125
progressive_passes,0.01828410689170183
carry_progressive_distance,0.9831223628691983
assisted_shots,0.011251758087201125
fouled,0.01969057665260197
pens_won,0.0
tackles,0.004219409282700422
interceptions,0.0014064697609001407
blocks,0.005625879043600563
tackles_won,0.0014064697609001407
dribble_tackles,0.0
dribbles_vs,0.009845288326300985
pressures,0.18565400843881857
pressure_regains,0.05063291139240506
clearances,0.0028129395218002813
errors,0.0
aerials_won,0.030942334739803096
aerials_lost,0.046413502109704644
ball_recoveries,0.04781997187060478
pens_conceded,0.0
fouls,0.026722925457102673
cards_yellow_red,0.0
