position,FW
passes_completed,0.16258992805755396
passes,0.20760534429599178
dribbles_completed,0.008016443987667009
dribbles,0.012949640287769784
passes_completed_short,0.09229188078108941
passes_short,0.11366906474820145
passes_completed_medium,0.05447070914696814
passes_medium,0.06536485097636177
passes_completed_long,0.010483042137718397
passes_long,0.016032887975334018
passes_total_distance,2.466803699897225
passes_free_kicks,0.00020554984583761563
through_balls,0.0
passes_pressure,0.029393627954779036
passes_switches,0.0024665981500513875
crosses,0.0051387461459403904
corner_kicks,0.0006166495375128469
passes_intercepted,0.0067831449126413155
passes_blocked,0.007194244604316547
dispossessed,0.008016443987667009
goals,0.010277492291880781
assists,0.0024665981500513875
pens_made,0.001644398766700925
pens_att,0.0022610483042137717
shots_total,0.03658787255909558
shots_on_target,0.015621788283658787
sca,0.02446043165467626
gca,0.005960945529290853
xg,0.009743062692702982
crosses_into_penalty_area,0.0010277492291880781
passes_into_final_third,0.00472764645426516
passes_into_penalty_area,0.0073997944501541625
progressive_passes,0.01171634121274409
carry_progressive_distance,0.39157245632065774
assisted_shots,0.010483042137718397
fouled,0.007810894141829393
pens_won,0.0010277492291880781
tackles,0.005344295991778006
interceptions,0.0034943473792394654
blocks,0.009044193216855087
tackles_won,0.0036998972250770813
dribble_tackles,0.0006166495375128469
dribbles_vs,0.006988694758478931
pressures,0.1445015416238438
pressure_regains,0.03494347379239465
clearances,0.0067831449126413155
errors,0.0
aerials_won,0.0014388489208633094
aerials_lost,0.002672147995889003
ball_recoveries,0.03638232271325797
pens_conceded,0.0
fouls,0.008633093525179856
cards_yellow_red,0.0
