position,CM
passes_completed,0.2659968270756214
passes,0.3722897937599154
dribbles_completed,0.009518773135906928
dribbles,0.015864621893178214
passes_completed_short,0.11686938127974617
passes_short,0.14648334214701217
passes_completed_medium,0.10364886303543099
passes_medium,0.13749338974087785
passes_completed_long,0.03807509254362771
passes_long,0.06927551560021153
passes_total_distance,4.96562665256478
passes_free_kicks,0.004759386567953464
through_balls,0.0021152829190904283
passes_pressure,0.060285563194077206
passes_switches,0.015335801163405606
crosses,0.01110523532522475
corner_kicks,0.0026441036488630354
passes_intercepted,0.006874669487043892
passes_blocked,0.014806980433632998
dispossessed,0.015864621893178214
goals,0.0010576414595452142
assists,0.0026441036488630354
pens_made,0.0
pens_att,0.0
shots_total,0.012162876784769964
shots_on_target,0.005817028027498678
sca,0.023268112109994712
gca,0.006874669487043892
xg,0.0007403490216816499
crosses_into_penalty_area,0.0021152829190904283
passes_into_final_third,0.028027498677948175
passes_into_penalty_area,0.01110523532522475
progressive_passes,0.03860391327340032
carry_progressive_distance,0.994711792702274
assisted_shots,0.008989952406134321
fouled,0.025912215758857746
pens_won,0.0
tackles,0.0222104706504495
interceptions,0.005817028027498678
blocks,0.025912215758857746
tackles_won,0.01639344262295082
dribble_tackles,0.008461131676361713
dribbles_vs,0.02168164992067689
pressures,0.22527763088313063
pressure_regains,0.07350608143839238
clearances,0.020624008461131677
errors,0.0
aerials_won,0.012162876784769964
aerials_lost,0.02168164992067689
ball_recoveries,0.11528291909042834
pens_conceded,0.0
fouls,0.012162876784769964
cards_yellow_red,0.0
