position,LB
passes_completed,0.4161137440758294
passes,0.5718009478672986
dribbles_completed,0.01919431279620853
dribbles,0.029383886255924172
passes_completed_short,0.18791469194312796
passes_short,0.21990521327014217
passes_completed_medium,0.17819905213270143
passes_medium,0.22867298578199052
passes_completed_long,0.04454976303317536
passes_long,0.1052132701421801
passes_total_distance,7.454976303317536
passes_free_kicks,0.008530805687203791
through_balls,0.00047393364928909954
passes_pressure,0.08886255924170616
passes_switches,0.015639810426540283
crosses,0.03317535545023697
corner_kicks,0.005924170616113744
passes_intercepted,0.012796208530805687
passes_blocked,0.015876777251184835
dispossessed,0.014691943127962086
goals,0.00047393364928909954
assists,0.0009478672985781991
pens_made,0.0
pens_att,0.0
shots_total,0.004502369668246445
shots_on_target,0.0018957345971563982
sca,0.02132701421800948
gca,0.0014218009478672985
xg,0.00016587677725118485
crosses_into_penalty_area,0.007345971563981043
passes_into_final_third,0.028672985781990522
passes_into_penalty_area,0.013981042654028436
progressive_passes,0.03909952606635071
carry_progressive_distance,1.4879146919431279
assisted_shots,0.012085308056872038
fouled,0.008056872037914692
pens_won,0.0
tackles,0.02132701421800948
interceptions,0.011611374407582939
blocks,0.027014218009478674
tackles_won,0.015639810426540283
dribble_tackles,0.009478672985781991
dribbles_vs,0.02298578199052133
pressures,0.17511848341232228
pressure_regains,0.054739336492891
clearances,0.023459715639810426
errors,0.0007109004739336493
aerials_won,0.00924170616113744
aerials_lost,0.00924170616113744
ball_recoveries,0.10876777251184834
pens_conceded,0.0
fouls,0.00971563981042654
cards_yellow_red,0.0
