position,CB
passes_completed,0.6179320063413775
passes,0.7363043861194293
dribbles_completed,0.0035229874933943982
dribbles,0.005812929364100757
passes_completed_short,0.20820856085960895
passes_short,0.23762550642945218
passes_completed_medium,0.2969878456931478
passes_medium,0.33309846750044037
passes_completed_long,0.10498502730315308
passes_long,0.14778932534789502
passes_total_distance,12.786859256649638
passes_free_kicks,0.011978157477540954
through_balls,0.00017614937466971993
passes_pressure,0.11890082790206095
passes_switches,0.02272326933239387
crosses,0.003875286242733838
corner_kicks,0.0007045974986788797
passes_intercepted,0.012330456226880395
passes_blocked,0.010745111854852916
dispossessed,0.005284481240091597
goals,0.0005284481240091598
assists,0.0007045974986788797
pens_made,0.0
pens_att,0.0
shots_total,0.008631319358816275
shots_on_target,0.0017614937466971991
sca,0.011802008102871235
gca,0.0012330456226880395
xg,0.0007398273736128237
crosses_into_penalty_area,0.0007045974986788797
passes_into_final_third,0.06517526862779636
passes_into_penalty_area,0.0070459749867887965
progressive_passes,0.051964065527567375
carry_progressive_distance,1.3677998943103753
assisted_shots,0.005108331865421878
fouled,0.0036991368680641184
pens_won,0.0
tackles,0.018671833714990312
interceptions,0.007574423110797957
blocks,0.02078562621102695
tackles_won,0.010745111854852916
dribble_tackles,0.004051435617403558
dribbles_vs,0.016381891844283954
pressures,0.1476131759732253
pressure_regains,0.04720803241148494
clearances,0.033820679936586225
errors,0.0005284481240091598
aerials_won,0.028007750572485467
aerials_lost,0.018495684340320593
ball_recoveries,0.12806059538488637
pens_conceded,0.00017614937466971993
fouls,0.011625858728201514
cards_yellow_red,0.0
