position,GK
SoTA,0.06143790849673202
GA,0.018300653594771243
Saves,0.044444444444444446
#OPA,0.0058823529411764705
Cmp,0.07712418300653595
Att,0.08235294117647059
Thr,0.03202614379084967
Stp,0.01568627450980392
