position,RB
passes_completed,0.3888888888888889
passes,0.5146825396825396
dribbles_completed,0.011111111111111112
dribbles,0.019444444444444445
passes_completed_short,0.17817460317460318
passes_short,0.20555555555555555
passes_completed_medium,0.16825396825396827
passes_medium,0.2115079365079365
passes_completed_long,0.03531746031746032
passes_long,0.075
passes_total_distance,6.839285714285714
passes_free_kicks,0.00873015873015873
through_balls,0.0
passes_pressure,0.0742063492063492
passes_switches,0.011904761904761904
crosses,0.023412698412698413
corner_kicks,0.0003968253968253968
passes_intercepted,0.011904761904761904
passes_blocked,0.01626984126984127
dispossessed,0.00873015873015873
goals,0.0
assists,0.0011904761904761906
pens_made,0.0
pens_att,0.0
shots_total,0.0035714285714285713
shots_on_target,0.0011904761904761906
sca,0.016666666666666666
gca,0.001984126984126984
xg,0.00011904761904761906
crosses_into_penalty_area,0.006746031746031746
passes_into_final_third,0.022222222222222223
passes_into_penalty_area,0.00992063492063492
progressive_passes,0.026984126984126985
carry_progressive_distance,1.7682539682539682
assisted_shots,0.008333333333333333
fouled,0.014285714285714285
pens_won,0.0
tackles,0.03531746031746032
interceptions,0.017857142857142856
blocks,0.024206349206349207
tackles_won,0.021031746031746033
dribble_tackles,0.013095238095238096
dribbles_vs,0.023015873015873017
pressures,0.1761904761904762
pressure_regains,0.046031746031746035
clearances,0.058333333333333334
errors,0.0003968253968253968
aerials_won,0.014682539682539682
aerials_lost,0.010317460317460317
ball_recoveries,0.10277777777777777
pens_conceded,0.0
fouls,0.00753968253968254
cards_yellow_red,0.0
