position,CB
passes_completed,0.40809968847352024
passes,0.48416407061266875
dribbles_completed,0.002596053997923157
dribbles,0.0036344755970924196
passes_completed_short,0.06879543094496365
passes_short,0.07840083073727934
passes_completed_medium,0.2237798546209761
passes_medium,0.240134994807892
passes_completed_long,0.11344755970924195
passes_long,0.16121495327102803
passes_total_distance,10.469626168224298
passes_free_kicks,0.02570093457943925
through_balls,0.0
passes_pressure,0.058151609553478714
passes_switches,0.033229491173416406
crosses,0.0010384215991692627
corner_kicks,0.0
passes_intercepted,0.005192107995846314
passes_blocked,0.004153686396677051
dispossessed,0.0012980269989615785
goals,0.000778816199376947
assists,0.0
pens_made,0.0
pens_att,0.0
shots_total,0.005192107995846314
shots_on_target,0.0012980269989615785
sca,0.004153686396677051
gca,0.00025960539979231567
xg,0.0005711318795430945
crosses_into_penalty_area,0.00025960539979231567
passes_into_final_third,0.02050882658359294
passes_into_penalty_area,0.000778816199376947
progressive_passes,0.02466251298026999
carry_progressive_distance,1.1357736240913812
assisted_shots,0.000778816199376947
fouled,0.004672897196261682
pens_won,0.0
tackles,0.013499480789200415
interceptions,0.00960539979231568
blocks,0.02232606438213915
tackles_won,0.00960539979231568
dribble_tackles,0.0033748701973001036
dribbles_vs,0.00960539979231568
pressures,0.08463136033229492
pressure_regains,0.03063343717549325
clearances,0.0628245067497404
errors,0.000778816199376947
aerials_won,0.018691588785046728
aerials_lost,0.013499480789200415
ball_recoveries,0.08982346832814123
pens_conceded,0.0005192107995846313
fouls,0.005970924195223261
cards_yellow_red,0.0
