position,GK
SoTA,0.05
GA,0.019444444444444445
Saves,0.030555555555555555
#OPA,0.0
Cmp,0.07777777777777778
Att,0.06666666666666667
Thr,0.041666666666666664
Stp,0.0
