position,LW
passes_completed,0.3184952978056426
passes,0.4153605015673981
dribbles_completed,0.0006269592476489029
dribbles,0.0006269592476489029
passes_completed_short,0.09467084639498433
passes_short,0.11128526645768025
passes_completed_medium,0.16050156739811913
passes_medium,0.18620689655172415
passes_completed_long,0.060815047021943576
passes_long,0.11003134796238244
passes_total_distance,6.915987460815047
passes_free_kicks,0.010658307210031349
through_balls,0.00031347962382445143
passes_pressure,0.05799373040752351
passes_switches,0.010658307210031349
crosses,0.00031347962382445143
corner_kicks,0.0
passes_intercepted,0.005642633228840125
passes_blocked,0.00877742946708464
dispossessed,0.0009404388714733542
goals,0.0006269592476489029
assists,0.0
pens_made,0.0
pens_att,0.0
shots_total,0.008463949843260187
shots_on_target,0.0018808777429467085
sca,0.003761755485893417
gca,0.00031347962382445143
xg,0.0011912225705329152
crosses_into_penalty_area,0.0
passes_into_final_third,0.017868338557993732
passes_into_penalty_area,0.0006269592476489029
progressive_passes,0.021630094043887146
carry_progressive_distance,0.7924764890282132
assisted_shots,0.0009404388714733542
fouled,0.00219435736677116
pens_won,0.0
tackles,0.016927899686520375
interceptions,0.016614420062695926
blocks,0.019122257053291535
tackles_won,0.011912225705329153
dribble_tackles,0.005329153605015674
dribbles_vs,0.020689655172413793
pressures,0.09153605015673981
pressure_regains,0.032915360501567396
clearances,0.08150470219435736
errors,0.0006269592476489029
aerials_won,0.02946708463949843
aerials_lost,0.023510971786833857
ball_recoveries,0.11410658307210031
pens_conceded,0.00031347962382445143
fouls,0.007836990595611285
cards_yellow_red,0.0
