position,CB
passes_completed,0.4985291233575211
passes,0.6515002941753285
dribbles_completed,0.004902922141596391
dribbles,0.009413610511865072
passes_completed_short,0.18944891155128457
passes_short,0.21729750931555206
passes_completed_medium,0.22788782114140027
passes_medium,0.2763286919003726
passes_completed_long,0.07668170229456757
passes_long,0.14002745636399294
passes_total_distance,9.843106491468916
passes_free_kicks,0.009217493626201216
through_balls,0.00019611688566385565
passes_pressure,0.08942929986271818
passes_switches,0.019611688566385566
crosses,0.031574818591880764
corner_kicks,0.0007844675426554226
passes_intercepted,0.012355363796822906
passes_blocked,0.018238870366738578
dispossessed,0.006275740341243381
goals,0.0003922337713277113
assists,0.0009805844283192783
pens_made,0.0
pens_att,0.0
shots_total,0.006275740341243381
shots_on_target,0.002353402627966268
sca,0.021376740537360266
gca,0.0021572857423024124
xg,0.0002941753284957835
crosses_into_penalty_area,0.007452441655226515
passes_into_final_third,0.038046675818788
passes_into_penalty_area,0.018238870366738578
progressive_passes,0.05942341635614826
carry_progressive_distance,1.0294175328495783
assisted_shots,0.011178662482839772
fouled,0.007256324769562659
pens_won,0.0
tackles,0.016081584624436165
interceptions,0.006275740341243381
blocks,0.021965091194351832
tackles_won,0.009805844283192783
dribble_tackles,0.005491272798587958
dribbles_vs,0.014316532653461464
pressures,0.14022357324965679
pressure_regains,0.04138066287507355
clearances,0.029221415963914494
errors,0.0003922337713277113
aerials_won,0.013335948225142185
aerials_lost,0.011570896254167485
ball_recoveries,0.10335359874485193
pens_conceded,0.00019611688566385565
fouls,0.006667974112571092
cards_yellow_red,0.0
