position,FW
passes_completed,0.18342151675485008
passes,0.29523809523809524
dribbles_completed,0.007054673721340388
dribbles,0.01199294532627866
passes_completed_short,0.1054673721340388
passes_short,0.14955908289241623
passes_completed_medium,0.05890652557319224
passes_medium,0.09735449735449736
passes_completed_long,0.01199294532627866
passes_long,0.02398589065255732
passes_total_distance,2.6970017636684305
passes_free_kicks,0.0
through_balls,0.0010582010582010583
passes_pressure,0.09312169312169312
passes_switches,0.0031746031746031746
crosses,0.008465608465608466
corner_kicks,0.0
passes_intercepted,0.007760141093474427
passes_blocked,0.01199294532627866
dispossessed,0.013756613756613757
goals,0.0031746031746031746
assists,0.0010582010582010583
pens_made,0.0003527336860670194
pens_att,0.0003527336860670194
shots_total,0.0345679012345679
shots_on_target,0.010934744268077601
sca,0.032451499118165784
gca,0.0038800705467372134
xg,0.004232804232804233
crosses_into_penalty_area,0.0007054673721340388
passes_into_final_third,0.01199294532627866
passes_into_penalty_area,0.004232804232804233
progressive_passes,0.015520282186948854
carry_progressive_distance,0.35908289241622576
assisted_shots,0.01728395061728395
fouled,0.019753086419753086
pens_won,0.0
tackles,0.010582010582010581
interceptions,0.0028218694885361554
blocks,0.010934744268077601
tackles_won,0.00599647266313933
dribble_tackles,0.001763668430335097
dribbles_vs,0.009876543209876543
pressures,0.23668430335097002
pressure_regains,0.0582010582010582
clearances,0.013403880070546737
errors,0.0
aerials_won,0.061375661375661375
aerials_lost,0.05432098765432099
ball_recoveries,0.052204585537918874
pens_conceded,0.0
fouls,0.026455026455026454
cards_yellow_red,0.0
