position,CM
passes_completed,0.266934942991281
passes,0.3655264922870557
dribbles_completed,0.021462105969148222
dribbles,0.04158283031522468
passes_completed_short,0.13078470824949698
passes_short,0.16498993963782696
passes_completed_medium,0.107981220657277
passes_medium,0.13883299798792756
passes_completed_long,0.02414486921529175
passes_long,0.0409121395036888
passes_total_distance,4.507042253521127
passes_free_kicks,0.0006706908115358819
through_balls,0.0026827632461435278
passes_pressure,0.08987256874580818
passes_switches,0.008048289738430584
crosses,0.018108651911468814
corner_kicks,0.0006706908115358819
passes_intercepted,0.009389671361502348
passes_blocked,0.02414486921529175
dispossessed,0.03286384976525822
goals,0.0013413816230717639
assists,0.002012072434607646
pens_made,0.0
pens_att,0.0
shots_total,0.019450033534540577
shots_on_target,0.008048289738430584
sca,0.03755868544600939
gca,0.00335345405767941
xg,0.0022132796780684107
crosses_into_penalty_area,0.004024144869215292
passes_into_final_third,0.018779342723004695
passes_into_penalty_area,0.012072434607645875
progressive_passes,0.03286384976525822
carry_progressive_distance,1.4694835680751173
assisted_shots,0.018779342723004695
fouled,0.010731052984574111
pens_won,0.0
tackles,0.014755197853789403
interceptions,0.00335345405767941
blocks,0.008718980549966466
tackles_won,0.007377598926894702
dribble_tackles,0.00670690811535882
dribbles_vs,0.018108651911468814
pressures,0.2005365526492287
pressure_regains,0.043594902749832326
clearances,0.00335345405767941
errors,0.0
aerials_won,0.00670690811535882
aerials_lost,0.014755197853789403
ball_recoveries,0.06975184439973173
pens_conceded,0.0
fouls,0.014084507042253521
cards_yellow_red,0.0
