position,FW
passes_completed,0.1348519362186788
passes,0.18519362186788155
dribbles_completed,0.011161731207289294
dribbles,0.025968109339407745
passes_completed_short,0.0633257403189066
passes_short,0.0815489749430524
passes_completed_medium,0.05284738041002278
passes_medium,0.06514806378132118
passes_completed_long,0.01184510250569476
passes_long,0.020045558086560365
passes_total_distance,2.2478359908883827
passes_free_kicks,0.00022779043280182233
through_balls,0.0009111617312072893
passes_pressure,0.04396355353075171
passes_switches,0.0038724373576309794
crosses,0.007744874715261959
corner_kicks,0.0
passes_intercepted,0.004555808656036446
passes_blocked,0.010933940774487472
dispossessed,0.01753986332574032
goals,0.004328018223234624
assists,0.0015945330296127562
pens_made,0.00022779043280182233
pens_att,0.000683371298405467
shots_total,0.029612756264236904
shots_on_target,0.014350797266514807
sca,0.025056947608200455
gca,0.004328018223234624
xg,0.004806378132118451
crosses_into_penalty_area,0.000683371298405467
passes_into_final_third,0.008428246013667425
passes_into_penalty_area,0.005011389521640091
progressive_passes,0.013895216400911162
carry_progressive_distance,0.7341685649202734
assisted_shots,0.009339407744874715
fouled,0.0234624145785877
pens_won,0.000683371298405467
tackles,0.008200455580865604
interceptions,0.002733485193621868
blocks,0.012300683371298405
tackles_won,0.0056947608200455585
dribble_tackles,0.0011389521640091116
dribbles_vs,0.008656036446469248
pressures,0.21184510250569477
pressure_regains,0.05011389521640091
clearances,0.010022779043280182
errors,0.0
aerials_won,0.01366742596810934
aerials_lost,0.023917995444191344
ball_recoveries,0.0469248291571754
pens_conceded,0.0
fouls,0.0193621867881549
cards_yellow_red,0.0
