position,LB
passes_completed,0.3134073441502989
passes,0.38001707941929974
dribbles_completed,0.0017079419299743809
dribbles,0.0017079419299743809
passes_completed_short,0.07600341588385995
passes_short,0.08454312553373185
passes_completed_medium,0.1784799316823228
passes_medium,0.19470538001707943
passes_completed_long,0.05038428693424424
passes_long,0.08368915456874466
passes_total_distance,6.630230572160547
passes_free_kicks,0.016225448334756618
through_balls,0.0008539709649871904
passes_pressure,0.05807002561912895
passes_switches,0.0034158838599487617
crosses,0.0008539709649871904
corner_kicks,0.0
passes_intercepted,0.0034158838599487617
passes_blocked,0.005977796754910333
dispossessed,0.0017079419299743809
goals,0.0
assists,0.0
pens_made,0.0
pens_att,0.0
shots_total,0.004269854824935952
shots_on_target,0.0008539709649871904
sca,0.005977796754910333
gca,0.0
xg,0.0009393680614859096
crosses_into_penalty_area,0.0
passes_into_final_third,0.013663535439795047
passes_into_penalty_area,0.0
progressive_passes,0.015371477369769428
carry_progressive_distance,0.6925704526046115
assisted_shots,0.004269854824935952
fouled,0.017079419299743808
pens_won,0.0
tackles,0.02049530315969257
interceptions,0.010247651579846286
blocks,0.02049530315969257
tackles_won,0.010247651579846286
dribble_tackles,0.010247651579846286
dribbles_vs,0.02391118701964133
pressures,0.11443210930828351
pressure_regains,0.036720751494449186
clearances,0.06148590947907771
errors,0.0
aerials_won,0.037574722459436376
aerials_lost,0.029035012809564473
ball_recoveries,0.11101622544833475
pens_conceded,0.0
fouls,0.017079419299743808
cards_yellow_red,0.0
