position,CM
passes_completed,0.623614663256607
passes,0.7502131287297528
dribbles_completed,0.0038363171355498722
dribbles,0.00639386189258312
passes_completed_short,0.2659846547314578
passes_short,0.293691389599318
passes_completed_medium,0.252770673486786
passes_medium,0.29411764705882354
passes_completed_long,0.09548167092924126
passes_long,0.1453537936913896
passes_total_distance,11.961636828644501
passes_free_kicks,0.035379369138959935
through_balls,0.00042625745950554135
passes_pressure,0.11466325660699062
passes_switches,0.02514919011082694
crosses,0.00639386189258312
corner_kicks,0.011508951406649617
passes_intercepted,0.013213981244671782
passes_blocked,0.01278772378516624
dispossessed,0.005115089514066497
goals,0.0
assists,0.00042625745950554135
pens_made,0.0
pens_att,0.0
shots_total,0.004262574595055414
shots_on_target,0.00042625745950554135
sca,0.023017902813299233
gca,0.0017050298380221654
xg,0.00012787723785166242
crosses_into_penalty_area,0.0
passes_into_final_third,0.07800511508951406
passes_into_penalty_area,0.008525149190110827
progressive_passes,0.07203751065643649
carry_progressive_distance,1.2050298380221653
assisted_shots,0.01278772378516624
fouled,0.00937766410912191
pens_won,0.0
tackles,0.023444160272804774
interceptions,0.013213981244671782
blocks,0.014919011082693947
tackles_won,0.01619778346121057
dribble_tackles,0.010230179028132993
dribbles_vs,0.03836317135549872
pressures,0.24680306905370844
pressure_regains,0.06862745098039216
clearances,0.011508951406649617
errors,0.0
aerials_won,0.004262574595055414
aerials_lost,0.005115089514066497
ball_recoveries,0.15217391304347827
pens_conceded,0.00042625745950554135
fouls,0.021739130434782608
cards_yellow_red,0.0
