position,CM
passes_completed,0.3449307893752338
passes,0.4268612046389824
dribbles_completed,0.035166479610924055
dribbles,0.050505050505050504
passes_completed_short,0.16909839132061355
passes_short,0.1937897493453049
passes_completed_medium,0.1305649083426861
passes_medium,0.1537598204264871
passes_completed_long,0.034044145155256264
passes_long,0.053497942386831275
passes_total_distance,5.817433595211373
passes_free_kicks,0.006734006734006734
through_balls,0.001122334455667789
passes_pressure,0.09090909090909091
passes_switches,0.012719790497568275
crosses,0.011597456041900486
corner_kicks,0.002618780396558174
passes_intercepted,0.008604564160119716
passes_blocked,0.01533857089412645
dispossessed,0.02656191545080434
goals,0.001122334455667789
assists,0.0007482229704451926
pens_made,0.0
pens_att,0.0
shots_total,0.017957351290684626
shots_on_target,0.00411522633744856
sca,0.03666292555181444
gca,0.002244668911335578
xg,0.00108492330714553
crosses_into_penalty_area,0.0018705574261129816
passes_into_final_third,0.04040404040404041
passes_into_penalty_area,0.01122334455667789
progressive_passes,0.037037037037037035
carry_progressive_distance,2.4803591470258137
assisted_shots,0.013093901982790871
fouled,0.029180695847362513
pens_won,0.0003741114852225963
tackles,0.027684249906472128
interceptions,0.00935278713056491
blocks,0.019827908716797606
tackles_won,0.017209128320239433
dribble_tackles,0.005237560793116348
dribbles_vs,0.020202020202020204
pressures,0.2570145903479237
pressure_regains,0.06883651328095773
clearances,0.010475121586232696
errors,0.0003741114852225963
aerials_won,0.007856341189674524
aerials_lost,0.01533857089412645
ball_recoveries,0.09427609427609428
pens_conceded,0.0007482229704451926
fouls,0.023943135054246164
cards_yellow_red,0.0
