position,DM
passes_completed,0.3888888888888889
passes,0.46502057613168724
dribbles_completed,0.006172839506172839
dribbles,0.0102880658436214
passes_completed_short,0.12414266117969822
passes_short,0.14060356652949246
passes_completed_medium,0.1776406035665295
passes_medium,0.200960219478738
passes_completed_long,0.07956104252400549
passes_long,0.1083676268861454
passes_total_distance,8.449245541838135
passes_free_kicks,0.019204389574759947
through_balls,0.0013717421124828531
passes_pressure,0.08367626886145405
passes_switches,0.01646090534979424
crosses,0.0013717421124828531
corner_kicks,0.00411522633744856
passes_intercepted,0.012345679012345678
passes_blocked,0.0075445816186556925
dispossessed,0.0075445816186556925
goals,0.0
assists,0.0013717421124828531
pens_made,0.0
pens_att,0.0
shots_total,0.006858710562414266
shots_on_target,0.0006858710562414266
sca,0.019204389574759947
gca,0.00205761316872428
xg,6.858710562414266e-05
crosses_into_penalty_area,0.0013717421124828531
passes_into_final_third,0.04046639231824417
passes_into_penalty_area,0.0075445816186556925
progressive_passes,0.039780521262002745
carry_progressive_distance,1.1021947873799727
assisted_shots,0.00823045267489712
fouled,0.013031550068587106
pens_won,0.0
tackles,0.03497942386831276
interceptions,0.013717421124828532
blocks,0.02400548696844993
tackles_won,0.024691358024691357
dribble_tackles,0.00823045267489712
dribbles_vs,0.025377229080932786
pressures,0.24897119341563786
pressure_regains,0.06995884773662552
clearances,0.01783264746227709
errors,0.0013717421124828531
aerials_won,0.006858710562414266
aerials_lost,0.003429355281207133
ball_recoveries,0.11179698216735254
pens_conceded,0.0
fouls,0.018518518518518517
cards_yellow_red,0.0
