position,CM
passes_completed,0.2797868290826037
passes,0.37533307955843165
dribbles_completed,0.0049486105824134
dribbles,0.0053292729349067374
passes_completed_short,0.1100114198705748
passes_short,0.1328511610201751
passes_completed_medium,0.12219261515036163
passes_medium,0.14883897982489533
passes_completed_long,0.04567948229920061
passes_long,0.08336505519604111
passes_total_distance,5.72287780738485
passes_free_kicks,0.008374571754853444
through_balls,0.0
passes_pressure,0.0723258469737343
passes_switches,0.023601065854586982
crosses,0.008755234107346783
corner_kicks,0.0049486105824134
passes_intercepted,0.007613247049866768
passes_blocked,0.00951655881233346
dispossessed,0.003806623524933384
goals,0.0007613247049866769
assists,0.00038066235249333843
pens_made,0.00038066235249333843
pens_att,0.00038066235249333843
shots_total,0.012561857632280167
shots_on_target,0.004187285877426722
sca,0.01218119527978683
gca,0.0011419870574800152
xg,0.0007993909402360107
crosses_into_penalty_area,0.0011419870574800152
passes_into_final_third,0.030833650551960412
passes_into_penalty_area,0.0026646364674533687
progressive_passes,0.029691663494480394
carry_progressive_distance,0.5355919299581271
assisted_shots,0.003806623524933384
fouled,0.006851922344880091
pens_won,0.0
tackles,0.017510468214693566
interceptions,0.00723258469737343
blocks,0.014084507042253521
tackles_won,0.011800532927293491
dribble_tackles,0.0049486105824134
dribbles_vs,0.027407689379520365
pressures,0.25085649029311
pressure_regains,0.05405405405405406
clearances,0.01598781880472021
errors,0.0
aerials_won,0.009135896459840122
aerials_lost,0.006471259992386753
ball_recoveries,0.10163684811572135
pens_conceded,0.0
fouls,0.02626570232204035
cards_yellow_red,0.00038066235249333843
