position,FW
passes_completed,0.2518935295390608
passes,0.3382384765202337
dribbles_completed,0.019043497078554426
dribbles,0.033975330015148235
passes_completed_short,0.12724518502488638
passes_short,0.15862367452932266
passes_completed_medium,0.08807617398831422
passes_medium,0.11491019259900455
passes_completed_long,0.028998052369616965
passes_long,0.04371348193031811
passes_total_distance,4.2888985068167065
passes_free_kicks,0.0010820168794633195
through_balls,0.0015148236312486475
passes_pressure,0.07790521532135901
passes_switches,0.009088941787491886
crosses,0.009521748539277213
corner_kicks,0.00021640337589266391
passes_intercepted,0.008872538411599221
passes_blocked,0.015797446440164467
dispossessed,0.028998052369616965
goals,0.0038952607660679506
assists,0.0008656135035706557
pens_made,0.0
pens_att,0.0
shots_total,0.023587967972300367
shots_on_target,0.011469378922311188
sca,0.040034624540142824
gca,0.004544470893745943
xg,0.003029647262497295
crosses_into_penalty_area,0.0019476303830339753
passes_into_final_third,0.023371564596407705
passes_into_penalty_area,0.017961480199091107
progressive_passes,0.03851980090889418
carry_progressive_distance,1.2919281540792036
assisted_shots,0.014715429560701147
fouled,0.03029647262497295
pens_won,0.00043280675178532783
tackles,0.008872538411599221
interceptions,0.0008656135035706557
blocks,0.006275697900887254
tackles_won,0.005193681021423934
dribble_tackles,0.0010820168794633195
dribbles_vs,0.009305345163384549
pressures,0.17853278511144774
pressure_regains,0.0443626920579961
clearances,0.003029647262497295
errors,0.00021640337589266391
aerials_won,0.0067085046526725815
aerials_lost,0.022938757844622376
ball_recoveries,0.06989829041333044
pens_conceded,0.0
fouls,0.013633412681237828
cards_yellow_red,0.00021640337589266391
