position,AM
passes_completed,0.41945373467112596
passes,0.5055741360089187
dribbles_completed,0.013377926421404682
dribbles,0.017837235228539576
passes_completed_short,0.16917502787068003
passes_short,0.19119286510590858
passes_completed_medium,0.18701226309921962
passes_medium,0.21822742474916387
passes_completed_long,0.05964325529542921
passes_long,0.08695652173913043
passes_total_distance,8.13015607580825
passes_free_kicks,0.014214046822742474
through_balls,0.0005574136008918618
passes_pressure,0.08807134894091416
passes_switches,0.017837235228539576
crosses,0.006688963210702341
corner_kicks,0.007803790412486065
passes_intercepted,0.00975473801560758
passes_blocked,0.00975473801560758
dispossessed,0.00947603121516165
goals,0.0005574136008918618
assists,0.0005574136008918618
pens_made,0.0
pens_att,0.0
shots_total,0.014771460423634336
shots_on_target,0.0013935340022296545
sca,0.020345596432552956
gca,0.002229654403567447
xg,0.000891861761426979
crosses_into_penalty_area,0.0008361204013377926
passes_into_final_third,0.035395763656633224
passes_into_penalty_area,0.005016722408026756
progressive_passes,0.039576365663322184
carry_progressive_distance,0.9977703455964325
assisted_shots,0.00947603121516165
fouled,0.01839464882943144
pens_won,0.0
tackles,0.023411371237458192
interceptions,0.010869565217391304
blocks,0.014771460423634336
tackles_won,0.016722408026755852
dribble_tackles,0.006688963210702341
dribbles_vs,0.026198439241917504
pressures,0.22742474916387959
pressure_regains,0.05852842809364549
clearances,0.01282051282051282
errors,0.0002787068004459309
aerials_won,0.007246376811594203
aerials_lost,0.00975473801560758
ball_recoveries,0.10730211817168339
pens_conceded,0.0
fouls,0.0225752508361204
cards_yellow_red,0.0
