position,CM
passes_completed,0.416532474503489
passes,0.4830917874396135
dribbles_completed,0.004830917874396135
dribbles,0.00966183574879227
passes_completed_short,0.17122920021470747
passes_short,0.19108964036500267
passes_completed_medium,0.18357487922705315
passes_medium,0.20075147611379496
passes_completed_long,0.05528717122920022
passes_long,0.07461084272678475
passes_total_distance,7.757917337627482
passes_free_kicks,0.00966183574879227
through_balls,0.0
passes_pressure,0.07675791733762748
passes_switches,0.010735373054213635
crosses,0.00322061191626409
corner_kicks,0.0
passes_intercepted,0.004830917874396135
passes_blocked,0.00912506709608159
dispossessed,0.008588298443370907
goals,0.0005367686527106817
assists,0.0010735373054213634
pens_made,0.0
pens_att,0.0
shots_total,0.006977992485238862
shots_on_target,0.0021470746108427268
sca,0.01288244766505636
gca,0.0010735373054213634
xg,0.0004294149221685454
crosses_into_penalty_area,0.0005367686527106817
passes_into_final_third,0.03542673107890499
passes_into_penalty_area,0.00322061191626409
progressive_passes,0.02576489533011272
carry_progressive_distance,0.7579173376274826
assisted_shots,0.0042941492216854536
fouled,0.007514761137949544
pens_won,0.0
tackles,0.028985507246376812
interceptions,0.02308105206655931
blocks,0.02522812667740204
tackles_won,0.013419216317767043
dribble_tackles,0.008051529790660225
dribbles_vs,0.027911969940955447
pressures,0.23027375201288244
pressure_regains,0.06763285024154589
clearances,0.02200751476113795
errors,0.0
aerials_won,0.008588298443370907
aerials_lost,0.008051529790660225
ball_recoveries,0.10574342458400429
pens_conceded,0.0
fouls,0.01288244766505636
cards_yellow_red,0.0005367686527106817
