position,RB
passes_completed,0.5899067005937235
passes,0.7175572519083969
dribbles_completed,0.002544529262086514
dribbles,0.005937234944868533
passes_completed_short,0.2357930449533503
passes_short,0.25657336726039015
passes_completed_medium,0.2765055131467345
passes_medium,0.31297709923664124
passes_completed_long,0.07167090754877015
passes_long,0.1272264631043257
passes_total_distance,11.170907548770144
passes_free_kicks,0.011874469889737066
through_balls,0.001272264631043257
passes_pressure,0.11280746395250212
passes_switches,0.01272264631043257
crosses,0.019508057675996608
corner_kicks,0.0008481764206955047
passes_intercepted,0.009754028837998304
passes_blocked,0.020780322307039863
dispossessed,0.003816793893129771
goals,0.00042408821034775233
assists,0.0
pens_made,0.0
pens_att,0.0
shots_total,0.0021204410517387615
shots_on_target,0.001272264631043257
sca,0.018659881255301103
gca,0.0016963528413910093
xg,8.481764206955047e-05
crosses_into_penalty_area,0.005089058524173028
passes_into_final_third,0.05555555555555555
passes_into_penalty_area,0.013994910941475827
progressive_passes,0.058948261238337574
carry_progressive_distance,1.272264631043257
assisted_shots,0.007633587786259542
fouled,0.006361323155216285
pens_won,0.0
tackles,0.024597116200169637
interceptions,0.007633587786259542
blocks,0.026717557251908396
tackles_won,0.015267175572519083
dribble_tackles,0.010178117048346057
dribbles_vs,0.020356234096692113
pressures,0.1441899915182358
pressure_regains,0.043256997455470736
clearances,0.029686174724342665
errors,0.00042408821034775233
aerials_won,0.006361323155216285
aerials_lost,0.004664970313825276
ball_recoveries,0.09287531806615776
pens_conceded,0.00042408821034775233
fouls,0.010602205258693808
cards_yellow_red,0.0
