position,CM
passes_completed,0.4928307464892831
passes,0.5696969696969697
dribbles_completed,0.009903917220990393
dribbles,0.012860310421286032
passes_completed_short,0.15683665927568366
passes_short,0.17767923133776792
passes_completed_medium,0.2560236511456024
passes_medium,0.27923133776792314
passes_completed_long,0.07553584626755358
passes_long,0.10258684405025868
passes_total_distance,10.13628972653363
passes_free_kicks,0.008573540280857354
through_balls,0.0004434589800443459
passes_pressure,0.09770879526977087
passes_switches,0.018477457501847747
crosses,0.0016260162601626016
corner_kicks,0.0
passes_intercepted,0.004730229120473023
passes_blocked,0.007982261640798226
dispossessed,0.007390983000739098
goals,0.00014781966001478197
assists,0.0005912786400591279
pens_made,0.0
pens_att,0.0
shots_total,0.007243163340724316
shots_on_target,0.0011825572801182557
sca,0.00679970436067997
gca,0.0013303769401330377
xg,0.00020694752402069475
crosses_into_penalty_area,0.0004434589800443459
passes_into_final_third,0.03311160384331116
passes_into_penalty_area,0.0025129342202512934
progressive_passes,0.033407243163340726
carry_progressive_distance,1.4490761271249075
assisted_shots,0.0022172949002217295
fouled,0.007686622320768662
pens_won,0.0
tackles,0.021729490022172948
interceptions,0.009312638580931265
blocks,0.017590539541759053
tackles_won,0.016260162601626018
dribble_tackles,0.004730229120473023
dribbles_vs,0.015964523281596452
pressures,0.19393939393939394
pressure_regains,0.05144124168514413
clearances,0.029120473022912048
errors,0.0
aerials_won,0.020399113082039913
aerials_lost,0.01788617886178862
ball_recoveries,0.12978566149297857
pens_conceded,0.00029563932002956393
fouls,0.01581670362158167
cards_yellow_red,0.00014781966001478197
