position,FW
passes_completed,0.22843691148775894
passes,0.3271186440677966
dribbles_completed,0.031826741996233525
dribbles,0.051789077212806026
passes_completed_short,0.1256120527306968
passes_short,0.160075329566855
passes_completed_medium,0.07570621468926554
passes_medium,0.10357815442561205
passes_completed_long,0.019585687382297552
passes_long,0.03898305084745763
passes_total_distance,3.650094161958569
passes_free_kicks,0.0003766478342749529
through_balls,0.002071563088512241
passes_pressure,0.08210922787193974
passes_switches,0.007344632768361582
crosses,0.021092278719397364
corner_kicks,0.0011299435028248588
passes_intercepted,0.008851224105461394
passes_blocked,0.01638418079096045
dispossessed,0.03220338983050847
goals,0.002824858757062147
assists,0.0011299435028248588
pens_made,0.00018832391713747646
pens_att,0.00018832391713747646
shots_total,0.021468926553672316
shots_on_target,0.00847457627118644
sca,0.03465160075329567
gca,0.0035781544256120526
xg,0.0027495291902071566
crosses_into_penalty_area,0.005461393596986817
passes_into_final_third,0.01751412429378531
passes_into_penalty_area,0.012617702448210923
progressive_passes,0.029566854990583803
carry_progressive_distance,1.6504708097928438
assisted_shots,0.0160075329566855
fouled,0.01770244821092279
pens_won,0.0
tackles,0.01544256120527307
interceptions,0.005649717514124294
blocks,0.015065913370998116
tackles_won,0.010922787193973634
dribble_tackles,0.004143126177024482
dribbles_vs,0.012429378531073447
pressures,0.18775894538606402
pressure_regains,0.04632768361581921
clearances,0.011111111111111112
errors,0.0
aerials_won,0.022787193973634653
aerials_lost,0.024105461393596987
ball_recoveries,0.08286252354048965
pens_conceded,0.0
fouls,0.010734463276836158
cards_yellow_red,0.0
