position,FW
passes_completed,0.19979048189164922
passes,0.2699790481891649
dribbles_completed,0.024992517210416045
dribbles,0.04893744387907812
passes_completed_short,0.12062256809338522
passes_short,0.14516611792876385
passes_completed_medium,0.061059563005088295
passes_medium,0.0847051780903921
passes_completed_long,0.011074528584256211
passes_long,0.022598024543549835
passes_total_distance,2.9148458545345703
passes_free_kicks,0.00149655791679138
through_balls,0.0013469021251122418
passes_pressure,0.06914097575576175
passes_switches,0.004040706375336726
crosses,0.027985633043998804
corner_kicks,0.000149655791679138
passes_intercepted,0.009428314875785692
passes_blocked,0.01331936545944328
dispossessed,0.030080814127506735
goals,0.0026938042502244837
assists,0.0019455252918287938
pens_made,0.000149655791679138
pens_att,0.000149655791679138
shots_total,0.020502843460041904
shots_on_target,0.007183478000598623
sca,0.03412152050284346
gca,0.005237952708769829
xg,0.0024094582460341216
crosses_into_penalty_area,0.004040706375336726
passes_into_final_third,0.012571086501047591
passes_into_penalty_area,0.014217300209518108
progressive_passes,0.02454354983537863
carry_progressive_distance,2.3079916192756658
assisted_shots,0.012271774917689314
fouled,0.0311284046692607
pens_won,0.0010475905417539658
tackles,0.010924872792577072
interceptions,0.006435199042202933
blocks,0.008530380125710864
tackles_won,0.007931756958994313
dribble_tackles,0.0026938042502244837
dribbles_vs,0.010176593834181383
pressures,0.1911104459742592
pressure_regains,0.046991918587249326
clearances,0.0020951810835079317
errors,0.0
aerials_won,0.006135887458844657
aerials_lost,0.013020053876085005
ball_recoveries,0.06076025142173002
pens_conceded,0.0
fouls,0.012421430709368452
cards_yellow_red,0.0
