position,FW
passes_completed,0.3172690763052209
passes,0.4524765729585007
dribbles_completed,0.028112449799196786
dribbles,0.038821954484605084
passes_completed_short,0.15261044176706828
passes_short,0.18607764390896922
passes_completed_medium,0.107095046854083
passes_medium,0.14056224899598393
passes_completed_long,0.05622489959839357
passes_long,0.107095046854083
passes_total_distance,6.092369477911647
passes_free_kicks,0.012048192771084338
through_balls,0.004016064257028112
passes_pressure,0.09103078982597054
passes_switches,0.03614457831325301
crosses,0.0214190093708166
corner_kicks,0.03480589022757698
passes_intercepted,0.013386880856760375
passes_blocked,0.01740294511378849
dispossessed,0.020080321285140562
goals,0.002677376171352075
assists,0.0013386880856760374
pens_made,0.0
pens_att,0.0
shots_total,0.029451137884872823
shots_on_target,0.012048192771084338
sca,0.04417670682730924
gca,0.002677376171352075
xg,0.0016064257028112448
crosses_into_penalty_area,0.002677376171352075
passes_into_final_third,0.0214190093708166
passes_into_penalty_area,0.0214190093708166
progressive_passes,0.04551539491298527
carry_progressive_distance,1.6372155287817938
assisted_shots,0.022757697456492636
fouled,0.01606425702811245
pens_won,0.0
tackles,0.006693440428380187
interceptions,0.002677376171352075
blocks,0.006693440428380187
tackles_won,0.004016064257028112
dribble_tackles,0.0013386880856760374
dribbles_vs,0.013386880856760375
pressures,0.1566265060240964
pressure_regains,0.041499330655957165
clearances,0.002677376171352075
errors,0.0
aerials_won,0.004016064257028112
aerials_lost,0.01606425702811245
ball_recoveries,0.05220883534136546
pens_conceded,0.0
fouls,0.00535475234270415
cards_yellow_red,0.0
