position,CB
passes_completed,0.4175430210325048
passes,0.5344168260038241
dribbles_completed,0.0022705544933078396
dribbles,0.003107074569789675
passes_completed_short,0.10635755258126195
passes_short,0.12260994263862332
passes_completed_medium,0.20470841300191206
passes_medium,0.23518164435946462
passes_completed_long,0.10528202676864244
passes_long,0.16897705544933078
passes_total_distance,10.105879541108987
passes_free_kicks,0.02975621414913958
through_balls,0.00035850860420650097
passes_pressure,0.07576481835564053
passes_switches,0.03262428298279159
crosses,0.005019120458891013
corner_kicks,0.0002390057361376673
passes_intercepted,0.004302103250478011
passes_blocked,0.009201720841300191
dispossessed,0.0017925430210325047
goals,0.0002390057361376673
assists,0.0002390057361376673
pens_made,0.0
pens_att,0.0
shots_total,0.008484703632887189
shots_on_target,0.0016730401529636712
sca,0.006811663479923518
gca,0.0008365200764818356
xg,0.0004780114722753346
crosses_into_penalty_area,0.0009560229445506692
passes_into_final_third,0.04326003824091778
passes_into_penalty_area,0.0038240917782026767
progressive_passes,0.035731357552581264
carry_progressive_distance,1.481357552581262
assisted_shots,0.0026290630975143404
fouled,0.01505736137667304
pens_won,0.00035850860420650097
tackles,0.01601338432122371
interceptions,0.012906309751434034
blocks,0.01338432122370937
tackles_won,0.009679732313575527
dribble_tackles,0.005019120458891013
dribbles_vs,0.011233269598470364
pressures,0.07815487571701721
pressure_regains,0.027007648183556405
clearances,0.0625
errors,0.0007170172084130019
aerials_won,0.02641013384321224
aerials_lost,0.016252390057361378
ball_recoveries,0.128585086042065
pens_conceded,0.00035850860420650097
fouls,0.011711281070745698
cards_yellow_red,0.0
