position,CB
passes_completed,0.3687150837988827
passes,0.4594972067039106
dribbles_completed,0.002793296089385475
dribbles,0.004189944134078212
passes_completed_short,0.12011173184357542
passes_short,0.1340782122905028
passes_completed_medium,0.1857541899441341
passes_medium,0.21927374301675978
passes_completed_long,0.05865921787709497
passes_long,0.09217877094972067
passes_total_distance,7.61731843575419
passes_free_kicks,0.004189944134078212
through_balls,0.0
passes_pressure,0.0712290502793296
passes_switches,0.008379888268156424
crosses,0.0013966480446927375
corner_kicks,0.0
passes_intercepted,0.009776536312849162
passes_blocked,0.006983240223463687
dispossessed,0.0013966480446927375
goals,0.0
assists,0.0
pens_made,0.0
pens_att,0.0
shots_total,0.004189944134078212
shots_on_target,0.0013966480446927375
sca,0.004189944134078212
gca,0.0013966480446927375
xg,0.00013966480446927376
crosses_into_penalty_area,0.0
passes_into_final_third,0.023743016759776536
passes_into_penalty_area,0.0013966480446927375
progressive_passes,0.02094972067039106
carry_progressive_distance,0.9874301675977654
assisted_shots,0.0013966480446927375
fouled,0.002793296089385475
pens_won,0.0
tackles,0.018156424581005588
interceptions,0.019553072625698324
blocks,0.019553072625698324
tackles_won,0.008379888268156424
dribble_tackles,0.008379888268156424
dribbles_vs,0.019553072625698324
pressures,0.11173184357541899
pressure_regains,0.0223463687150838
clearances,0.08100558659217877
errors,0.0013966480446927375
aerials_won,0.02094972067039106
aerials_lost,0.015363128491620111
ball_recoveries,0.09497206703910614
pens_conceded,0.0013966480446927375
fouls,0.006983240223463687
cards_yellow_red,0.0
