position,CM
passes_completed,0.462878093492209
passes,0.6032997250229147
dribbles_completed,0.018148487626031166
dribbles,0.026031164069660863
passes_completed_short,0.19615032080659944
passes_short,0.2243813015582035
passes_completed_medium,0.18111824014665445
passes_medium,0.21521539871677361
passes_completed_long,0.07846012832263978
passes_long,0.14445462878093493
passes_total_distance,9.12685609532539
passes_free_kicks,0.028597616865261227
through_balls,0.004949587534372136
passes_pressure,0.1000916590284143
passes_switches,0.03721356553620531
crosses,0.021448212648945923
corner_kicks,0.05737855178735105
passes_intercepted,0.013382218148487626
passes_blocked,0.013748854262144821
dispossessed,0.016681943171402383
goals,0.002383134738771769
assists,0.0018331805682859762
pens_made,0.00018331805682859762
pens_att,0.00036663611365719525
shots_total,0.028597616865261227
shots_on_target,0.008249312557286892
sca,0.06067827681026581
gca,0.00458295142071494
xg,0.0023098075160403295
crosses_into_penalty_area,0.0020164986251145736
passes_into_final_third,0.053345554537121906
passes_into_penalty_area,0.017598533455545372
progressive_passes,0.05994500458295142
carry_progressive_distance,1.3578368469294226
assisted_shots,0.03299725022914757
fouled,0.030430797433547204
pens_won,0.00036663611365719525
tackles,0.021081576535288724
interceptions,0.004399633363886343
blocks,0.009532538955087076
tackles_won,0.013382218148487626
dribble_tackles,0.006782768102658112
dribbles_vs,0.02364802933088909
pressures,0.25572868927589365
pressure_regains,0.06526122823098075
clearances,0.0025664527956003667
errors,0.00018331805682859762
aerials_won,0.0025664527956003667
aerials_lost,0.010815765352887259
ball_recoveries,0.0771769019248396
pens_conceded,0.0
fouls,0.011365719523373053
cards_yellow_red,0.00018331805682859762
