position,DM
passes_completed,0.39792746113989635
passes,0.5036269430051813
dribbles_completed,0.012435233160621761
dribbles,0.01865284974093264
passes_completed_short,0.20621761658031088
passes_short,0.23316062176165803
passes_completed_medium,0.12953367875647667
passes_medium,0.15544041450777202
passes_completed_long,0.05077720207253886
passes_long,0.09326424870466321
passes_total_distance,6.87461139896373
passes_free_kicks,0.016580310880829015
through_balls,0.0
passes_pressure,0.12331606217616581
passes_switches,0.01865284974093264
crosses,0.008290155440414507
corner_kicks,0.019689119170984457
passes_intercepted,0.0062176165803108805
passes_blocked,0.012435233160621761
dispossessed,0.022797927461139896
goals,0.0
assists,0.0
pens_made,0.0
pens_att,0.0
shots_total,0.015544041450777202
shots_on_target,0.002072538860103627
sca,0.025906735751295335
gca,0.0
xg,0.0013471502590673575
crosses_into_penalty_area,0.0
passes_into_final_third,0.035233160621761656
passes_into_penalty_area,0.013471502590673576
progressive_passes,0.05077720207253886
carry_progressive_distance,1.1139896373056994
assisted_shots,0.011398963730569948
fouled,0.0051813471502590676
pens_won,0.0
tackles,0.013471502590673576
interceptions,0.008290155440414507
blocks,0.00932642487046632
tackles_won,0.008290155440414507
dribble_tackles,0.0031088082901554403
dribbles_vs,0.015544041450777202
pressures,0.26735751295336785
pressure_regains,0.0766839378238342
clearances,0.012435233160621761
errors,0.0
aerials_won,0.007253886010362694
aerials_lost,0.013471502590673576
ball_recoveries,0.12435233160621761
pens_conceded,0.0
fouls,0.02694300518134715
cards_yellow_red,0.0
