position,GK
minutes,2456.0
SoTA,0.0496742671009772
GA,0.014250814332247556
Saves,0.038273615635179156
#OPA,0.007328990228013029
Cmp,0.06351791530944625
Att,0.09771986970684039
Thr,0.06188925081433225
Stp,0.009364820846905538
