position,CB
passes_completed,0.4275572765408196
passes,0.4937076476282672
dribbles_completed,0.003872216844143272
dribbles,0.004194901581155212
passes_completed_short,0.09841884478864149
passes_short,0.11164891900613101
passes_completed_medium,0.22942884801548888
passes_medium,0.24491771539206195
passes_completed_long,0.0968054211035818
passes_long,0.13068731848983542
passes_total_distance,9.923846402065182
passes_free_kicks,0.016134236850596968
through_balls,0.0
passes_pressure,0.07292675056469829
passes_switches,0.018393030009680542
crosses,0.0006453694740238787
corner_kicks,0.0
passes_intercepted,0.0035495321071313327
passes_blocked,0.003226847370119393
dispossessed,0.0025814778960955146
goals,0.0
assists,0.0
pens_made,0.0
pens_att,0.0
shots_total,0.006453694740238786
shots_on_target,0.000968054211035818
sca,0.0025814778960955146
gca,0.000968054211035818
xg,0.0005808325266214909
crosses_into_penalty_area,0.00032268473701193933
passes_into_final_third,0.02355598580187157
passes_into_penalty_area,0.001936108422071636
progressive_passes,0.032268473701193935
carry_progressive_distance,1.2516940948693127
assisted_shots,0.00032268473701193933
fouled,0.003872216844143272
pens_won,0.0
tackles,0.015811552113585026
interceptions,0.00484027105517909
blocks,0.020974507905776058
tackles_won,0.008067118425298484
dribble_tackles,0.00484027105517909
dribbles_vs,0.015488867376573089
pressures,0.09874152952565343
pressure_regains,0.02839625685705066
clearances,0.07389480477573411
errors,0.00032268473701193933
aerials_won,0.036786060019361085
aerials_lost,0.017747660535656663
ball_recoveries,0.10971281058405938
pens_conceded,0.0006453694740238787
fouls,0.01484349790254921
cards_yellow_red,0.0
