position,CB
passes_completed,0.7495470102677673
passes,0.8767867928326958
dribbles_completed,0.006039863096436481
dribbles,0.008858465874773505
passes_completed_short,0.21461646869337628
passes_short,0.23917857861888464
passes_completed_medium,0.40245621099255086
passes_medium,0.44493658143748743
passes_completed_long,0.12744111133480973
passes_long,0.18099456412321321
passes_total_distance,15.924501711294544
passes_free_kicks,0.011073082343466881
through_balls,0.0004026575397624321
passes_pressure,0.09885242601167707
passes_switches,0.023152808536339844
crosses,0.009462452184417153
corner_kicks,0.00020132876988121604
passes_intercepted,0.010469096033823233
passes_blocked,0.009462452184417153
dispossessed,0.004026575397624321
goals,0.0
assists,0.0004026575397624321
pens_made,0.0
pens_att,0.0
shots_total,0.0020132876988121604
shots_on_target,0.00020132876988121604
sca,0.009865109724179585
gca,0.0014093013891685123
xg,0.00010066438494060802
crosses_into_penalty_area,0.002214616468693376
passes_into_final_third,0.05939198711495873
passes_into_penalty_area,0.006643849406080129
progressive_passes,0.052345480169116165
carry_progressive_distance,1.8506140527481376
assisted_shots,0.0052345480169116165
fouled,0.006442520636198913
pens_won,0.0
tackles,0.018924904368834306
interceptions,0.014093013891685121
blocks,0.013287698812160258
tackles_won,0.010066438494060801
dribble_tackles,0.006442520636198913
dribbles_vs,0.013489027582041473
pressures,0.11717334407086773
pressure_regains,0.04046708274612442
clearances,0.03362190457016308
errors,0.0006039863096436481
aerials_won,0.021944835917052548
aerials_lost,0.014294342661566338
ball_recoveries,0.1544191664988927
pens_conceded,0.00020132876988121604
fouls,0.00966378095429837
cards_yellow_red,0.0
