position,FW
passes_completed,0.18586640851887706
passes,0.2787996127783156
dribbles_completed,0.00968054211035818
dribbles,0.015972894482090997
passes_completed_short,0.11616650532429816
passes_short,0.1553727008712488
passes_completed_medium,0.05033881897386254
passes_medium,0.08131655372700872
passes_completed_long,0.013552758954501452
passes_long,0.026137463697967087
passes_total_distance,2.7308809293320424
passes_free_kicks,0.0
through_balls,0.000484027105517909
passes_pressure,0.06824782187802517
passes_switches,0.003872216844143272
crosses,0.011132623426911906
corner_kicks,0.000968054211035818
passes_intercepted,0.009196515004840271
passes_blocked,0.012100677637947725
dispossessed,0.012100677637947725
goals,0.002420135527589545
assists,0.001936108422071636
pens_made,0.0
pens_att,0.0
shots_total,0.022265246853823813
shots_on_target,0.01016456921587609
sca,0.02516940948693127
gca,0.004356243949661181
xg,0.003000968054211036
crosses_into_penalty_area,0.001936108422071636
passes_into_final_third,0.017909002904162634
passes_into_penalty_area,0.007260406582768635
progressive_passes,0.021297192642787996
carry_progressive_distance,0.5019361084220716
assisted_shots,0.011616650532429816
fouled,0.01016456921587609
pens_won,0.0
tackles,0.005808325266214908
interceptions,0.002420135527589545
blocks,0.010648596321393998
tackles_won,0.003872216844143272
dribble_tackles,0.000968054211035818
dribbles_vs,0.009196515004840271
pressures,0.22410454985479186
pressure_regains,0.05324298160696999
clearances,0.00484027105517909
errors,0.0
aerials_won,0.011616650532429816
aerials_lost,0.02758954501452081
ball_recoveries,0.045982575024201354
pens_conceded,0.000484027105517909
fouls,0.020813165537270088
cards_yellow_red,0.0
