position,CM
passes_completed,0.42115132195762234
passes,0.5989124320270017
dribbles_completed,0.01050065629101819
dribbles,0.013313332083255204
passes_completed_short,0.12132008250515658
passes_short,0.14344646540408776
passes_completed_medium,0.17944871554472155
passes_medium,0.21976373523345208
passes_completed_long,0.11513219576223514
passes_long,0.22313894618413652
passes_total_distance,10.213388336771049
passes_free_kicks,0.03618976186011626
through_balls,0.0013125820363772737
passes_pressure,0.0956309769360585
passes_switches,0.04706544159009938
crosses,0.014813425839114944
corner_kicks,0.025126570410650667
passes_intercepted,0.011063191449465591
passes_blocked,0.010688168010500656
dispossessed,0.006562910181886368
goals,0.0015000937558597412
assists,0.001125070316894806
pens_made,0.0
pens_att,0.0
shots_total,0.02081380086255391
shots_on_target,0.005812863303956498
sca,0.0318769923120195
gca,0.002250140633789612
xg,0.000975060941308832
crosses_into_penalty_area,0.0035627226701668855
passes_into_final_third,0.06600412525782862
passes_into_penalty_area,0.013688355522220138
progressive_passes,0.06056628539283705
carry_progressive_distance,1.157509844365273
assisted_shots,0.019688730545659103
fouled,0.0035627226701668855
pens_won,0.0
tackles,0.016313519594974686
interceptions,0.008438027376711045
blocks,0.014250890680667542
tackles_won,0.009188074254640915
dribble_tackles,0.004312769548096756
dribbles_vs,0.017813613350834426
pressures,0.15619726232889555
pressure_regains,0.0371273204575286
clearances,0.018188636789799362
errors,0.0
aerials_won,0.006937933620851303
aerials_lost,0.004312769548096756
ball_recoveries,0.1305081567597975
pens_conceded,0.0
fouls,0.01050065629101819
cards_yellow_red,0.00018751171948246765
