position,CB
passes_completed,0.5163099937668814
passes,0.5944317473509246
dribbles_completed,0.006233118637024725
dribbles,0.007687512985663827
passes_completed_short,0.14710159983378351
passes_short,0.1647621026386869
passes_completed_medium,0.2794514855599418
passes_medium,0.3025140245169333
passes_completed_long,0.08726366091834614
passes_long,0.1178059422397673
passes_total_distance,11.052358196551008
passes_free_kicks,0.01828381466860586
through_balls,0.0
passes_pressure,0.08103054228132142
passes_switches,0.020361520880947434
crosses,0.00020777062123415748
corner_kicks,0.0
passes_intercepted,0.00498649490961978
passes_blocked,0.007064201121961355
dispossessed,0.00249324745480989
goals,0.0
assists,0.0
pens_made,0.0
pens_att,0.0
shots_total,0.0033243299397465197
shots_on_target,0.00041554124246831497
sca,0.0066486598794930395
gca,0.00020777062123415748
xg,0.00029087886972782047
crosses_into_penalty_area,0.0
passes_into_final_third,0.03158113442759194
passes_into_penalty_area,0.0006233118637024725
progressive_passes,0.031788905048826095
carry_progressive_distance,1.518387699979223
assisted_shots,0.0018699355911074174
fouled,0.00415541242468315
pens_won,0.0
tackles,0.015375025971327654
interceptions,0.011011842925410346
blocks,0.016829420319966756
tackles_won,0.00914190733430293
dribble_tackles,0.0054020361520880945
dribbles_vs,0.013505090380220236
pressures,0.09495117390400998
pressure_regains,0.03199667567006025
clearances,0.043424059837938914
errors,0.00041554124246831497
aerials_won,0.010180760440473717
aerials_lost,0.010180760440473717
ball_recoveries,0.10907957614793268
pens_conceded,0.0006233118637024725
fouls,0.017868273426137546
cards_yellow_red,0.00020777062123415748
