position,DM
passes_completed,0.5295587010824313
passes,0.6733277824035526
dribbles_completed,0.027754648903691368
dribbles,0.04177074660005551
passes_completed_short,0.2688037746322509
passes_short,0.3105745212323064
passes_completed_medium,0.18248681654177074
passes_medium,0.22148209825145712
passes_completed_long,0.06522342492367472
passes_long,0.10727171801276714
passes_total_distance,9.210241465445462
passes_free_kicks,0.012905911740216486
through_balls,0.004163197335553705
passes_pressure,0.1266999722453511
passes_switches,0.02983624757146822
crosses,0.019289480988065502
corner_kicks,0.024007771301693032
passes_intercepted,0.020399666944213156
passes_blocked,0.019983347210657785
dispossessed,0.023036358590063834
goals,0.00263669164585068
assists,0.0029142381348875937
pens_made,0.0
pens_att,0.0
shots_total,0.019705800721620873
shots_on_target,0.008603941160144324
sca,0.04593394393560921
gca,0.008881487649181239
xg,0.002414654454621149
crosses_into_penalty_area,0.0023591451568137664
passes_into_final_third,0.037607549264501806
passes_into_penalty_area,0.02234249236747155
progressive_passes,0.06147654732167638
carry_progressive_distance,1.8331945600888149
assisted_shots,0.024562864279766863
fouled,0.008603941160144324
pens_won,0.00013877324451845685
tackles,0.013044684984734944
interceptions,0.006106022758812101
blocks,0.014432417429919511
tackles_won,0.009159034138218152
dribble_tackles,0.004301970580072162
dribbles_vs,0.021371079655842354
pressures,0.20302525673050237
pressure_regains,0.060366361365528726
clearances,0.0036081043574798777
errors,0.00013877324451845685
aerials_won,0.008048848182070497
aerials_lost,0.011379406050513461
ball_recoveries,0.08312517346655565
pens_conceded,0.0
fouls,0.00527338329170136
cards_yellow_red,0.0
