position,CM
passes_completed,0.3626943005181347
passes,0.46010362694300516
dribbles_completed,0.0010362694300518134
dribbles,0.002072538860103627
passes_completed_short,0.1316062176165803
passes_short,0.1616580310880829
passes_completed_medium,0.16580310880829016
passes_medium,0.1927461139896373
passes_completed_long,0.05906735751295337
passes_long,0.08808290155440414
passes_total_distance,7.169948186528497
passes_free_kicks,0.002072538860103627
through_balls,0.0
passes_pressure,0.06839378238341969
passes_switches,0.015544041450777202
crosses,0.0051813471502590676
corner_kicks,0.0010362694300518134
passes_intercepted,0.012435233160621761
passes_blocked,0.008290155440414507
dispossessed,0.007253886010362694
goals,0.0010362694300518134
assists,0.0
pens_made,0.0
pens_att,0.0
shots_total,0.015544041450777202
shots_on_target,0.004145077720207254
sca,0.01865284974093264
gca,0.0010362694300518134
xg,0.00031088082901554407
crosses_into_penalty_area,0.0
passes_into_final_third,0.03730569948186528
passes_into_penalty_area,0.004145077720207254
progressive_passes,0.04041450777202073
carry_progressive_distance,0.7336787564766839
assisted_shots,0.0062176165803108805
fouled,0.01865284974093264
pens_won,0.0
tackles,0.03005181347150259
interceptions,0.02383419689119171
blocks,0.025906735751295335
tackles_won,0.02072538860103627
dribble_tackles,0.0051813471502590676
dribbles_vs,0.019689119170984457
pressures,0.14818652849740932
pressure_regains,0.0383419689119171
clearances,0.017616580310880828
errors,0.0
aerials_won,0.014507772020725389
aerials_lost,0.0062176165803108805
ball_recoveries,0.14196891191709846
pens_conceded,0.0010362694300518134
fouls,0.02383419689119171
cards_yellow_red,0.0
