position,RB
passes_completed,0.3196817529672623
passes,0.405504108517021
dribbles_completed,0.0063910264771096905
dribbles,0.010434328942219904
passes_completed_short,0.1515586278857441
passes_short,0.16968827442285117
passes_completed_medium,0.12599452197730535
passes_medium,0.15299334811529933
passes_completed_long,0.03456371462110343
passes_long,0.06377983565931916
passes_total_distance,5.619277422720751
passes_free_kicks,0.009521325159775662
through_balls,0.00026085822355549756
passes_pressure,0.07186644058953959
passes_switches,0.0066518847006651885
crosses,0.007434459371331682
corner_kicks,0.00026085822355549756
passes_intercepted,0.009130037824442416
passes_blocked,0.010564758053997652
dispossessed,0.007304030259553933
goals,0.00013042911177774878
assists,0.0005217164471109951
pens_made,0.0
pens_att,0.0
shots_total,0.005478022694665449
shots_on_target,0.0016955784531107344
sca,0.008217034041998174
gca,0.000652145558888744
xg,0.0002347724011999478
crosses_into_penalty_area,0.001956436676666232
passes_into_final_third,0.02491196034955002
passes_into_penalty_area,0.004695448023998957
progressive_passes,0.02817268814399374
carry_progressive_distance,1.083083344202426
assisted_shots,0.0028694404591104736
fouled,0.004695448023998957
pens_won,0.0
tackles,0.020216512325551064
interceptions,0.009260466936220164
blocks,0.018129646537107084
tackles_won,0.011086474501108648
dribble_tackles,0.006130168253554193
dribbles_vs,0.011999478283552889
pressures,0.1299073953306378
pressure_regains,0.04004173731576888
clearances,0.03443328550932568
errors,0.0005217164471109951
aerials_won,0.009130037824442416
aerials_lost,0.008869179600886918
ball_recoveries,0.09012651623842442
pens_conceded,0.00013042911177774878
fouls,0.011608190948219643
cards_yellow_red,0.0
