position,DM
passes_completed,0.4012662044015677
passes,0.48598130841121495
dribbles_completed,0.003919204100090443
dribbles,0.007536930961712391
passes_completed_short,0.1438046427494724
passes_short,0.1588785046728972
passes_completed_medium,0.173952366596322
passes_medium,0.19445281881217968
passes_completed_long,0.07747965028640337
passes_long,0.11878203195658728
passes_total_distance,8.425384383479047
passes_free_kicks,0.030750678323786553
through_balls,0.0009044317154054868
passes_pressure,0.08531805848658426
passes_switches,0.03346397347000302
crosses,0.01175761230027133
corner_kicks,0.02411817907747965
passes_intercepted,0.010551703346397347
passes_blocked,0.006029544769369913
dispossessed,0.00482363581549593
goals,0.0006029544769369913
assists,0.0009044317154054868
pens_made,0.0
pens_att,0.0
shots_total,0.008742839915586373
shots_on_target,0.002411817907747965
sca,0.019897497738920713
gca,0.0018088634308109737
xg,0.00027132951462164603
crosses_into_penalty_area,0.00030147723846849563
passes_into_final_third,0.03376545070847151
passes_into_penalty_area,0.006331022007838408
progressive_passes,0.030750678323786553
carry_progressive_distance,0.9608079589990955
assisted_shots,0.011456135061802835
fouled,0.010853180584865842
pens_won,0.0
tackles,0.011154657823334338
interceptions,0.013264998492613807
blocks,0.014772384684956286
tackles_won,0.007838408200180886
dribble_tackles,0.0015073861923424782
dribbles_vs,0.009948748869460356
pressures,0.23424781429002112
pressure_regains,0.05396442568586072
clearances,0.009345794392523364
errors,0.00030147723846849563
aerials_won,0.004522158577027435
aerials_lost,0.005426590292432921
ball_recoveries,0.103406692794694
pens_conceded,0.0
fouls,0.007536930961712391
cards_yellow_red,0.0
