position,RB
passes_completed,0.8060826944828453
passes,0.9245946964936533
dribbles_completed,0.008922960914917682
dribbles,0.013070252607766746
passes_completed_short,0.30853336684680155
passes_short,0.3349252230740229
passes_completed_medium,0.3797913786602991
passes_medium,0.41749403041347244
passes_completed_long,0.10996606761342215
passes_long,0.15093628251853713
passes_total_distance,15.649616689707177
passes_free_kicks,0.010054040467512881
through_balls,0.0007540530350634661
passes_pressure,0.11247957773030036
passes_switches,0.029910770390850824
crosses,0.021364835993464875
corner_kicks,0.00025135101168782207
passes_intercepted,0.014201332160361945
passes_blocked,0.016966193288927987
dispossessed,0.007414854844790751
goals,0.00025135101168782207
assists,0.0013824305642830212
pens_made,0.0
pens_att,0.0
shots_total,0.005781073268819907
shots_on_target,0.0008797285409073771
sca,0.020233756440869676
gca,0.0023878346110343092
xg,0.00028905366344099534
crosses_into_penalty_area,0.0023878346110343092
passes_into_final_third,0.088978258137489
passes_into_penalty_area,0.010933769008420259
progressive_passes,0.0615809978635164
carry_progressive_distance,2.2029659419379164
assisted_shots,0.008922960914917682
fouled,0.006032424280507729
pens_won,0.0
tackles,0.015081060701269322
interceptions,0.007037828327259017
blocks,0.01357295463114239
tackles_won,0.00980268945582506
dribble_tackles,0.008294583385698127
dribbles_vs,0.013949981148674124
pressures,0.11788362448158854
pressure_regains,0.03921075782330024
clearances,0.022495915546060074
errors,0.0
aerials_won,0.013321603619454569
aerials_lost,0.010179715973356793
ball_recoveries,0.1232876712328767
pens_conceded,0.00012567550584391103
fouls,0.007414854844790751
cards_yellow_red,0.00012567550584391103
