position,RB
passes_completed,0.5311671087533156
passes,0.6624668435013262
dribbles_completed,0.021883289124668436
dribbles,0.027188328912466843
passes_completed_short,0.28116710875331563
passes_short,0.3057029177718833
passes_completed_medium,0.1976127320954907
passes_medium,0.24336870026525198
passes_completed_long,0.04310344827586207
passes_long,0.07692307692307693
passes_total_distance,8.537135278514588
passes_free_kicks,0.008620689655172414
through_balls,0.001326259946949602
passes_pressure,0.09946949602122016
passes_switches,0.006631299734748011
crosses,0.01856763925729443
corner_kicks,0.0
passes_intercepted,0.008620689655172414
passes_blocked,0.02586206896551724
dispossessed,0.014588859416445624
goals,0.0
assists,0.0033156498673740055
pens_made,0.0
pens_att,0.0
shots_total,0.0033156498673740055
shots_on_target,0.0
sca,0.020557029177718834
gca,0.004641909814323607
xg,0.00026525198938992045
crosses_into_penalty_area,0.002652519893899204
passes_into_final_third,0.021883289124668436
passes_into_penalty_area,0.013262599469496022
progressive_passes,0.03183023872679045
carry_progressive_distance,2.0046419098143238
assisted_shots,0.011273209549071617
fouled,0.026525198938992044
pens_won,0.0
tackles,0.01989389920424403
interceptions,0.011936339522546418
blocks,0.027851458885941646
tackles_won,0.011273209549071617
dribble_tackles,0.009283819628647215
dribbles_vs,0.02453580901856764
pressures,0.14588859416445624
pressure_regains,0.04509283819628647
clearances,0.029840848806366047
errors,0.000663129973474801
aerials_won,0.007294429708222812
aerials_lost,0.019230769230769232
ball_recoveries,0.10344827586206896
pens_conceded,0.0
fouls,0.007957559681697613
cards_yellow_red,0.0
