position,DM
passes_completed,0.28891050583657585
passes,0.39105058365758755
dribbles_completed,0.0048638132295719845
dribbles,0.008754863813229572
passes_completed_short,0.12062256809338522
passes_short,0.1517509727626459
passes_completed_medium,0.12354085603112841
passes_medium,0.1566147859922179
passes_completed_long,0.04085603112840467
passes_long,0.06809338521400778
passes_total_distance,5.462062256809339
passes_free_kicks,0.008754863813229572
through_balls,0.0
passes_pressure,0.07003891050583658
passes_switches,0.009727626459143969
crosses,0.0019455252918287938
corner_kicks,0.0038910505836575876
passes_intercepted,0.009727626459143969
passes_blocked,0.011673151750972763
dispossessed,0.006809338521400778
goals,0.0
assists,0.0019455252918287938
pens_made,0.0
pens_att,0.0
shots_total,0.006809338521400778
shots_on_target,0.0009727626459143969
sca,0.014591439688715954
gca,0.0029182879377431907
xg,0.0003891050583657588
crosses_into_penalty_area,0.0
passes_into_final_third,0.030155642023346304
passes_into_penalty_area,0.0019455252918287938
progressive_passes,0.04182879377431906
carry_progressive_distance,0.5885214007782101
assisted_shots,0.005836575875486381
fouled,0.02237354085603113
pens_won,0.0
tackles,0.042801556420233464
interceptions,0.008754863813229572
blocks,0.024319066147859923
tackles_won,0.02821011673151751
dribble_tackles,0.011673151750972763
dribbles_vs,0.023346303501945526
pressures,0.259727626459144
pressure_regains,0.07198443579766536
clearances,0.021400778210116732
errors,0.0
aerials_won,0.017509727626459144
aerials_lost,0.02821011673151751
ball_recoveries,0.13910505836575876
pens_conceded,0.0
fouls,0.026264591439688716
cards_yellow_red,0.0
