position,RB
passes_completed,0.5229929851909587
passes,0.6855806703039751
dribbles_completed,0.009197194076383476
dribbles,0.015276695245518316
passes_completed_short,0.22634450506625098
passes_short,0.2601714731098987
passes_completed_medium,0.2265003897116134
passes_medium,0.27544816835541697
passes_completed_long,0.06438035853468434
passes_long,0.12907248636009352
passes_total_distance,9.704130943102104
passes_free_kicks,0.01387373343725643
through_balls,0.0006235385814497272
passes_pressure,0.10179267342166796
passes_switches,0.01979734996102884
crosses,0.043491816056118474
corner_kicks,0.012782540919719408
passes_intercepted,0.014809041309431021
passes_blocked,0.023070927513639906
dispossessed,0.0074824629773967265
goals,0.0006235385814497272
assists,0.001558846453624318
pens_made,0.0
pens_att,0.0
shots_total,0.01044427123928293
shots_on_target,0.0026500389711613405
sca,0.02837100545596259
gca,0.002182385035074045
xg,0.00043647700701480915
crosses_into_penalty_area,0.007638347622759158
passes_into_final_third,0.04271239282930631
passes_into_penalty_area,0.013094310210444271
progressive_passes,0.05565081839438815
carry_progressive_distance,1.811223694466095
assisted_shots,0.01652377240841777
fouled,0.008885424785658612
pens_won,0.0001558846453624318
tackles,0.020576773187841
interceptions,0.012314886983632112
blocks,0.02166796570537802
tackles_won,0.012314886983632112
dribble_tackles,0.007014809041309431
dribbles_vs,0.01730319563522993
pressures,0.14528448947778644
pressure_regains,0.044271239282930634
clearances,0.02338269680436477
errors,0.0
aerials_won,0.009976617303195635
aerials_lost,0.006235385814497272
ball_recoveries,0.10943102104442712
pens_conceded,0.0001558846453624318
fouls,0.011223694466095089
cards_yellow_red,0.0
