position,CB
passes_completed,0.5855190247506464
passes,0.6653121536756557
dribbles_completed,0.004432951606944958
dribbles,0.004802364240857037
passes_completed_short,0.1954192833394902
passes_short,0.2046545991872922
passes_completed_medium,0.2999630587366088
passes_medium,0.33062430735131143
passes_completed_long,0.07831547838936091
passes_long,0.11230144070927225
passes_total_distance,11.592168452161063
passes_free_kicks,0.03140007388252678
through_balls,0.0
passes_pressure,0.07979312892500924
passes_switches,0.01736239379386775
crosses,0.0007388252678241596
corner_kicks,0.0
passes_intercepted,0.007018840044329516
passes_blocked,0.0066494274104174364
dispossessed,0.004063538973032878
goals,0.0007388252678241596
assists,0.0
pens_made,0.0
pens_att,0.0
shots_total,0.005910602142593277
shots_on_target,0.002216475803472479
sca,0.004802364240857037
gca,0.0011082379017362395
xg,0.0002216475803472479
crosses_into_penalty_area,0.0
passes_into_final_third,0.03804950129294422
passes_into_penalty_area,0.001847063169560399
progressive_passes,0.04839305504248245
carry_progressive_distance,1.7506464721093462
assisted_shots,0.0003694126339120798
fouled,0.01884004432951607
pens_won,0.0
tackles,0.020687107499076467
interceptions,0.008127077946065755
blocks,0.01773180642777983
tackles_won,0.012190616919098634
dribble_tackles,0.008127077946065755
dribbles_vs,0.01625415589213151
pressures,0.09383080901366826
pressure_regains,0.031030661248614703
clearances,0.04359069080162541
errors,0.0
aerials_won,0.022903583302548946
aerials_lost,0.014776505356483192
ball_recoveries,0.11636497968230514
pens_conceded,0.0003694126339120798
fouls,0.013668267454746953
cards_yellow_red,0.0
