position,GK
minutes,1710.0
SoTA,0.02456140350877193
GA,0.008187134502923977
Saves,0.017543859649122806
#OPA,0.007017543859649123
Cmp,0.03684210526315789
Att,0.030994152046783626
Thr,0.05087719298245614
Stp,0.008771929824561403
