position,LB
passes_completed,0.4927710843373494
passes,0.5959036144578314
dribbles_completed,0.0077108433734939755
dribbles,0.00963855421686747
passes_completed_short,0.21759036144578314
passes_short,0.24144578313253012
passes_completed_medium,0.21855421686746987
passes_medium,0.2513253012048193
passes_completed_long,0.051325301204819276
passes_long,0.08602409638554216
passes_total_distance,8.900963855421686
passes_free_kicks,0.008433734939759036
through_balls,0.0
passes_pressure,0.07421686746987952
passes_switches,0.0077108433734939755
crosses,0.0077108433734939755
corner_kicks,0.0
passes_intercepted,0.006987951807228916
passes_blocked,0.013975903614457831
dispossessed,0.006506024096385542
goals,0.00024096385542168674
assists,0.00048192771084337347
pens_made,0.0
pens_att,0.0
shots_total,0.004096385542168675
shots_on_target,0.0007228915662650603
sca,0.0077108433734939755
gca,0.0012048192771084338
xg,0.0004578313253012048
crosses_into_penalty_area,0.0016867469879518072
passes_into_final_third,0.027710843373493974
passes_into_penalty_area,0.004096385542168675
progressive_passes,0.03253012048192771
carry_progressive_distance,1.4828915662650601
assisted_shots,0.0036144578313253013
fouled,0.021204819277108433
pens_won,0.0
tackles,0.030120481927710843
interceptions,0.011325301204819277
blocks,0.02289156626506024
tackles_won,0.016867469879518072
dribble_tackles,0.014216867469879518
dribbles_vs,0.023614457831325302
pressures,0.14409638554216866
pressure_regains,0.047710843373493975
clearances,0.03325301204819277
errors,0.00024096385542168674
aerials_won,0.014216867469879518
aerials_lost,0.00819277108433735
ball_recoveries,0.10313253012048193
pens_conceded,0.00024096385542168674
fouls,0.013975903614457831
cards_yellow_red,0.00024096385542168674
