position,CM
passes_completed,0.29545454545454547
passes,0.42768595041322316
dribbles_completed,0.026859504132231406
dribbles,0.04338842975206612
passes_completed_short,0.15082644628099173
passes_short,0.20041322314049587
passes_completed_medium,0.10743801652892562
passes_medium,0.14049586776859505
passes_completed_long,0.026859504132231406
passes_long,0.047520661157024795
passes_total_distance,4.801652892561983
passes_free_kicks,0.004132231404958678
through_balls,0.0
passes_pressure,0.07024793388429752
passes_switches,0.012396694214876033
crosses,0.026859504132231406
corner_kicks,0.022727272727272728
passes_intercepted,0.01652892561983471
passes_blocked,0.03305785123966942
dispossessed,0.030991735537190084
goals,0.004132231404958678
assists,0.0
pens_made,0.0
pens_att,0.0
shots_total,0.02066115702479339
shots_on_target,0.014462809917355372
sca,0.026859504132231406
gca,0.0
xg,0.0008264462809917356
crosses_into_penalty_area,0.006198347107438017
passes_into_final_third,0.01652892561983471
passes_into_penalty_area,0.012396694214876033
progressive_passes,0.047520661157024795
carry_progressive_distance,1.7830578512396693
assisted_shots,0.010330578512396695
fouled,0.014462809917355372
pens_won,0.0
tackles,0.04132231404958678
interceptions,0.002066115702479339
blocks,0.030991735537190084
tackles_won,0.01859504132231405
dribble_tackles,0.012396694214876033
dribbles_vs,0.05578512396694215
pressures,0.27479338842975204
pressure_regains,0.05991735537190083
clearances,0.008264462809917356
errors,0.002066115702479339
aerials_won,0.002066115702479339
aerials_lost,0.008264462809917356
ball_recoveries,0.08057851239669421
pens_conceded,0.002066115702479339
fouls,0.010330578512396695
cards_yellow_red,0.0
