position,FW
passes_completed,0.1756296800544588
passes,0.26117540276832313
dribbles_completed,0.012707056954844566
dribbles,0.02518720217835262
passes_completed_short,0.10619469026548672
passes_short,0.14113909689130927
passes_completed_medium,0.04697072838665759
passes_medium,0.07238484229634672
passes_completed_long,0.011572498298162015
passes_long,0.019287497163603357
passes_total_distance,2.5041978670297254
passes_free_kicks,0.0013614703880190605
through_balls,0.0002269117313365101
passes_pressure,0.07896528250510551
passes_switches,0.002269117313365101
crosses,0.008849557522123894
corner_kicks,0.0002269117313365101
passes_intercepted,0.005445881552076242
passes_blocked,0.01860676196959383
dispossessed,0.031086907193101882
goals,0.0029498525073746312
assists,0.0004538234626730202
pens_made,0.0
pens_att,0.0002269117313365101
shots_total,0.020195144088949398
shots_on_target,0.008622645790787383
sca,0.02496029044701611
gca,0.0038574994327206717
xg,0.0032675289312457455
crosses_into_penalty_area,0.0018152938506920807
passes_into_final_third,0.008849557522123894
passes_into_penalty_area,0.006580440208758793
progressive_passes,0.013841615611527115
carry_progressive_distance,1.0873610165645564
assisted_shots,0.008622645790787383
fouled,0.029498525073746312
pens_won,0.0002269117313365101
tackles,0.01747220331291128
interceptions,0.004311322895393692
blocks,0.014749262536873156
tackles_won,0.009757204447469935
dribble_tackles,0.004765146358066712
dribbles_vs,0.021329702745631948
pressures,0.2645790787383708
pressure_regains,0.06262763784887679
clearances,0.012253233492171545
errors,0.0004538234626730202
aerials_won,0.02314499659632403
aerials_lost,0.029498525073746312
ball_recoveries,0.06126616746085772
pens_conceded,0.0002269117313365101
fouls,0.016564556387565238
cards_yellow_red,0.0
