position,DM
passes_completed,0.5451487252124646
passes,0.6129603399433428
dribbles_completed,0.007790368271954674
dribbles,0.009383852691218131
passes_completed_short,0.20591359773371104
passes_short,0.21936968838526913
passes_completed_medium,0.24787535410764872
passes_medium,0.26646600566572237
passes_completed_long,0.08392351274787535
passes_long,0.11419971671388102
passes_total_distance,10.748052407932011
passes_free_kicks,0.010977337110481586
through_balls,0.0008852691218130312
passes_pressure,0.09224504249291784
passes_switches,0.016288951841359773
crosses,0.003718130311614731
corner_kicks,0.0
passes_intercepted,0.006550991501416431
passes_blocked,0.0056657223796034
dispossessed,0.0056657223796034
goals,0.0012393767705382436
assists,0.00017705382436260624
pens_made,0.0
pens_att,0.0
shots_total,0.016288951841359773
shots_on_target,0.005134560906515581
sca,0.015580736543909348
gca,0.0026558073654390935
xg,0.000991501416430595
crosses_into_penalty_area,0.00141643059490085
passes_into_final_third,0.046742209631728045
passes_into_penalty_area,0.0060198300283286115
progressive_passes,0.0455028328611898
carry_progressive_distance,1.546742209631728
assisted_shots,0.004603399433427762
fouled,0.01451841359773371
pens_won,0.0
tackles,0.02638101983002833
interceptions,0.012570821529745042
blocks,0.015226628895184136
tackles_won,0.0169971671388102
dribble_tackles,0.006728045325779037
dribbles_vs,0.020892351274787536
pressures,0.15757790368271954
pressure_regains,0.05541784702549575
clearances,0.019121813031161474
errors,0.0003541076487252125
aerials_won,0.00424929178470255
aerials_lost,0.005488668555240793
ball_recoveries,0.11189801699716714
pens_conceded,0.0003541076487252125
fouls,0.01823654390934844
cards_yellow_red,0.0
