position,LW
passes_completed,0.21158727788562043
passes,0.3062565327758698
dribbles_completed,0.03419441540988502
dribbles,0.054502015827982676
passes_completed_short,0.13020755562192027
passes_short,0.1699268329102583
passes_completed_medium,0.06585038076750784
passes_medium,0.09571449902941616
passes_completed_long,0.007167388382857996
passes_long,0.01985963864416903
passes_total_distance,2.926384948484396
passes_free_kicks,0.000746602956547708
through_balls,0.001045244139166791
passes_pressure,0.09183216365536807
passes_switches,0.0038823353740480814
crosses,0.019560997461549948
corner_kicks,0.00014932059130954157
passes_intercepted,0.010751082574286995
passes_blocked,0.011049723756906077
dispossessed,0.027773629983574737
goals,0.003285053008809915
assists,0.001493205913095416
pens_made,0.0005972823652381663
pens_att,0.000746602956547708
shots_total,0.025683141705241153
shots_on_target,0.012094967896072869
sca,0.033298491862027775
gca,0.004180976556667164
xg,0.004121248320143348
crosses_into_penalty_area,0.0011945647304763326
passes_into_final_third,0.011049723756906077
passes_into_penalty_area,0.00851127370464387
progressive_passes,0.02344333283559803
carry_progressive_distance,1.924443780797372
assisted_shots,0.012542929670001493
fouled,0.021352844557264446
pens_won,0.0008959235478572496
tackles,0.01314021203523966
interceptions,0.0034343736001194564
blocks,0.010751082574286995
tackles_won,0.00955651784381066
dribble_tackles,0.003285053008809915
dribbles_vs,0.011647006122144244
pressures,0.1756010153800209
pressure_regains,0.04046588024488577
clearances,0.006719426608929371
errors,0.0
aerials_won,0.02807227116619382
aerials_lost,0.023294012244288488
ball_recoveries,0.061370763028221594
pens_conceded,0.00014932059130954157
fouls,0.020904882783335823
cards_yellow_red,0.0
