position,FW
passes_completed,0.2763309518322194
passes,0.36874855957593916
dribbles_completed,0.0076054390412537455
dribbles,0.011062456787278175
passes_completed_short,0.145425213182761
passes_short,0.18506568333717446
passes_completed_medium,0.10140585388338327
passes_medium,0.12837059230237383
passes_completed_long,0.021433510025351463
passes_long,0.03341783821156949
passes_total_distance,4.462779442267804
passes_free_kicks,0.00115233924867481
through_balls,0.0006914035492048859
passes_pressure,0.078820004609357
passes_switches,0.009679649688868404
crosses,0.011062456787278175
corner_kicks,0.0
passes_intercepted,0.009910117538603365
passes_blocked,0.014289006683567642
dispossessed,0.010371053238073288
goals,0.0032265498962894676
assists,0.0020742106476146576
pens_made,0.0
pens_att,0.0
shots_total,0.019589767227471768
shots_on_target,0.00921871398939848
sca,0.024890527771375893
gca,0.00460935699469924
xg,0.002466005992164093
crosses_into_penalty_area,0.0020742106476146576
passes_into_final_third,0.013367135284627794
passes_into_penalty_area,0.008527310440193593
progressive_passes,0.02350772067296612
carry_progressive_distance,0.5784743028347545
assisted_shots,0.01290619958515787
fouled,0.015441345932242452
pens_won,0.00023046784973496196
tackles,0.018206960129061995
interceptions,0.006453099792578935
blocks,0.01267573173542291
tackles_won,0.010831988937543212
dribble_tackles,0.004839824844434202
dribbles_vs,0.015671813781977413
pressures,0.19428439732657293
pressure_regains,0.05600368748559576
clearances,0.01267573173542291
errors,0.0
aerials_won,0.028808481216870248
aerials_lost,0.02235538142429131
ball_recoveries,0.06337865867711455
pens_conceded,0.0
fouls,0.013367135284627794
cards_yellow_red,0.00023046784973496196
