position,GK
SoTA,0.06873315363881402
GA,0.02425876010781671
Saves,0.04582210242587601
#OPA,0.006738544474393531
Cmp,0.07412398921832884
Att,0.07547169811320754
Thr,0.03908355795148248
Stp,0.006738544474393531
