position,GK
SoTA,0.03684210526315789
GA,0.0152046783625731
Saves,0.023508771929824562
#OPA,0.017076023391812866
Cmp,0.08701754385964912
Att,0.06280701754385964
Thr,0.027017543859649124
Stp,0.008187134502923977
