position,DM
passes_completed,0.1863237139272271
passes,0.2722710163111669
dribbles_completed,0.0018820577164366374
dribbles,0.003136762860727729
passes_completed_short,0.0959849435382685
passes_short,0.13237139272271017
passes_completed_medium,0.0671267252195734
passes_medium,0.0903387703889586
passes_completed_long,0.015056461731493099
passes_long,0.033877038895859475
passes_total_distance,2.937892095357591
passes_free_kicks,0.0018820577164366374
through_balls,0.0
passes_pressure,0.050188205771643665
passes_switches,0.002509410288582183
crosses,0.005018820577164366
corner_kicks,0.0012547051442910915
passes_intercepted,0.0056461731493099125
passes_blocked,0.0075282308657465494
dispossessed,0.0075282308657465494
goals,0.002509410288582183
assists,0.0006273525721455458
pens_made,0.0
pens_att,0.0
shots_total,0.012547051442910916
shots_on_target,0.0056461731493099125
sca,0.006273525721455458
gca,0.0018820577164366374
xg,0.002007528230865747
crosses_into_penalty_area,0.0006273525721455458
passes_into_final_third,0.013174404015056462
passes_into_penalty_area,0.002509410288582183
progressive_passes,0.01631116687578419
carry_progressive_distance,0.3312421580928482
assisted_shots,0.002509410288582183
fouled,0.011292346298619825
pens_won,0.0
tackles,0.01819322459222083
interceptions,0.01191969887076537
blocks,0.010037641154328732
tackles_won,0.01066499372647428
dribble_tackles,0.003136762860727729
dribbles_vs,0.01819322459222083
pressures,0.191969887076537
pressure_regains,0.04642409033877039
clearances,0.012547051442910916
errors,0.0006273525721455458
aerials_won,0.015056461731493099
aerials_lost,0.009410288582183186
ball_recoveries,0.12045169385194479
pens_conceded,0.0
fouls,0.02383939774153074
cards_yellow_red,0.0
