position,DM
passes_completed,0.3982889733840304
passes,0.4907319391634981
dribbles_completed,0.01188212927756654
dribbles,0.016397338403041826
passes_completed_short,0.1596958174904943
passes_short,0.18607414448669202
passes_completed_medium,0.17490494296577946
passes_medium,0.2105513307984791
passes_completed_long,0.057747148288973385
passes_long,0.0779467680608365
passes_total_distance,7.5860266159695815
passes_free_kicks,0.008555133079847909
through_balls,0.0007129277566539924
passes_pressure,0.11977186311787072
passes_switches,0.01497148288973384
crosses,0.0038022813688212928
corner_kicks,0.0
passes_intercepted,0.004990494296577947
passes_blocked,0.012595057034220532
dispossessed,0.013783269961977186
goals,0.0021387832699619773
assists,0.0004752851711026616
pens_made,0.0
pens_att,0.0
shots_total,0.019011406844106463
shots_on_target,0.008079847908745247
sca,0.01806083650190114
gca,0.0014258555133079848
xg,0.0018773764258555137
crosses_into_penalty_area,0.0007129277566539924
passes_into_final_third,0.04348859315589353
passes_into_penalty_area,0.005465779467680608
progressive_passes,0.04800380228136882
carry_progressive_distance,1.2447718631178708
assisted_shots,0.007129277566539924
fouled,0.01188212927756654
pens_won,0.0
tackles,0.027566539923954372
interceptions,0.00879277566539924
blocks,0.021863117870722433
tackles_won,0.015922053231939164
dribble_tackles,0.00903041825095057
dribbles_vs,0.025665399239543727
pressures,0.22385931558935362
pressure_regains,0.05869771863117871
clearances,0.03136882129277566
errors,0.0002376425855513308
aerials_won,0.03635931558935361
aerials_lost,0.018773764258555134
ball_recoveries,0.1150190114068441
pens_conceded,0.0004752851711026616
fouls,0.025665399239543727
cards_yellow_red,0.0
