position,CB
passes_completed,0.45744029393753827
passes,0.5521535007144315
dribbles_completed,0.0016329863237395388
dribbles,0.0032659726474790775
passes_completed_short,0.16350275566442132
passes_short,0.1812614819350888
passes_completed_medium,0.22331087977138192
passes_medium,0.25433761992243314
passes_completed_long,0.06450295978771178
passes_long,0.10226576852418862
passes_total_distance,9.175137783221066
passes_free_kicks,0.01755460298020004
through_balls,0.000612369871402327
passes_pressure,0.06531945294958155
passes_switches,0.016942233108797715
crosses,0.007552561747295366
corner_kicks,0.0
passes_intercepted,0.007144315166360482
passes_blocked,0.010206164523372117
dispossessed,0.002449479485609308
goals,0.0010206164523372118
assists,0.00020412329046744235
pens_made,0.0
pens_att,0.0
shots_total,0.007960808328230252
shots_on_target,0.0022453561951418658
sca,0.010818534394774443
gca,0.001224739742804654
xg,0.0009797917942437233
crosses_into_penalty_area,0.001837109614206981
passes_into_final_third,0.03674219228413962
passes_into_penalty_area,0.0028577260665441926
progressive_passes,0.031026740151051235
carry_progressive_distance,1.423555827719943
assisted_shots,0.004898958971218616
fouled,0.007144315166360482
pens_won,0.0
tackles,0.020820575627679118
interceptions,0.00694019187589304
blocks,0.01653398652786283
tackles_won,0.013268013880383752
dribble_tackles,0.005919575423555827
dribbles_vs,0.015309246785058175
pressures,0.09389671361502347
pressure_regains,0.03061849357011635
clearances,0.03939579506021637
errors,0.0008164931618697694
aerials_won,0.014288630332720964
aerials_lost,0.010818534394774443
ball_recoveries,0.09716268626250255
pens_conceded,0.00020412329046744235
fouls,0.007552561747295366
cards_yellow_red,0.00020412329046744235
