position,GK
minutes,7920.0
SoTA,0.04570707070707071
GA,0.014772727272727272
Saves,0.03207070707070707
#OPA,0.006060606060606061
Cmp,0.07714646464646464
Att,0.09053030303030303
Thr,0.036616161616161616
Stp,0.008964646464646465
