position,CM
passes_completed,0.44637161084529503
passes,0.52811004784689
dribbles_completed,0.012161084529505583
dribbles,0.020933014354066987
passes_completed_short,0.18839712918660287
passes_short,0.20514354066985646
passes_completed_medium,0.19218500797448165
passes_medium,0.2155103668261563
passes_completed_long,0.058811802232854864
passes_long,0.09250398724082935
passes_total_distance,8.378189792663477
passes_free_kicks,0.013157894736842105
through_balls,0.0005980861244019139
passes_pressure,0.0863237639553429
passes_switches,0.02033492822966507
crosses,0.007575757575757576
corner_kicks,0.011562998405103669
passes_intercepted,0.006578947368421052
passes_blocked,0.007376395534290271
dispossessed,0.015749601275917065
goals,0.0007974481658692185
assists,0.0005980861244019139
pens_made,0.00019936204146730463
pens_att,0.00019936204146730463
shots_total,0.017743221690590113
shots_on_target,0.004784688995215311
sca,0.02073365231259968
gca,0.0013955342902711324
xg,0.0010964912280701754
crosses_into_penalty_area,0.0011961722488038277
passes_into_final_third,0.043859649122807015
passes_into_penalty_area,0.003787878787878788
progressive_passes,0.035486443381180226
carry_progressive_distance,1.3849681020733653
assisted_shots,0.010964912280701754
fouled,0.017743221690590113
pens_won,0.0
tackles,0.027711323763955343
interceptions,0.011164274322169059
blocks,0.01555023923444976
tackles_won,0.01893939393939394
dribble_tackles,0.00817384370015949
dribbles_vs,0.025119617224880382
pressures,0.21371610845295055
pressure_regains,0.059609250398724084
clearances,0.011562998405103669
errors,0.0
aerials_won,0.006578947368421052
aerials_lost,0.007575757575757576
ball_recoveries,0.11802232854864433
pens_conceded,0.00019936204146730463
fouls,0.028110047846889953
cards_yellow_red,0.0
