position,FW
passes_completed,0.2149550583285523
passes,0.33754063874545803
dribbles_completed,0.032510996366418056
dribbles,0.05125262956588258
passes_completed_short,0.11971696309045707
passes_short,0.15280168292216484
passes_completed_medium,0.06674316312870529
passes_medium,0.1063300822336967
passes_completed_long,0.0214190093708166
passes_long,0.05316504111684835
passes_total_distance,3.5111876075731496
passes_free_kicks,0.00038248231019315357
through_balls,0.0017211703958691911
passes_pressure,0.0839548670873972
passes_switches,0.011665710460891184
crosses,0.02792120864410021
corner_kicks,0.0
passes_intercepted,0.007267163893669918
passes_blocked,0.019315356664754254
dispossessed,0.037292025243832475
goals,0.003633581946834959
assists,0.0015299292407726143
pens_made,0.00019124115509657678
pens_att,0.00019124115509657678
shots_total,0.03231975521132148
shots_on_target,0.013386880856760375
sca,0.028112449799196786
gca,0.003633581946834959
xg,0.004073436603557085
crosses_into_penalty_area,0.004398546567221266
passes_into_final_third,0.01721170395869191
passes_into_penalty_area,0.008797093134442532
progressive_passes,0.022375215146299483
carry_progressive_distance,1.8659399502772998
assisted_shots,0.01013578122011857
fouled,0.02084528590552687
pens_won,0.0005737234652897303
tackles,0.011091986995601454
interceptions,0.0051635111876075735
blocks,0.0189328743545611
tackles_won,0.008223369669152802
dribble_tackles,0.0034423407917383822
dribbles_vs,0.009562057754828839
pressures,0.17938420348058903
pressure_regains,0.04264677758653662
clearances,0.010518263530311723
errors,0.0
aerials_won,0.03155479059093517
aerials_lost,0.042455536431440045
ball_recoveries,0.06540447504302926
pens_conceded,0.0
fouls,0.017594186268885065
cards_yellow_red,0.0
