position,WB
passes_completed,0.44430326132994497
passes,0.590851334180432
dribbles_completed,0.008047437526471834
dribbles,0.014824227022448115
passes_completed_short,0.18975010588733587
passes_short,0.21304531977975436
passes_completed_medium,0.1833968657348581
passes_medium,0.23041084286319355
passes_completed_long,0.06565014824227022
passes_long,0.12621770436255825
passes_total_distance,8.315967810249894
passes_free_kicks,0.010588733587462939
through_balls,0.0
passes_pressure,0.08047437526471835
passes_switches,0.01228293096145701
crosses,0.025412960609911054
corner_kicks,0.0008470986869970351
passes_intercepted,0.011012282930961457
passes_blocked,0.019483269800931808
dispossessed,0.009741634900465904
goals,0.00042354934349851756
assists,0.0021177467174925877
pens_made,0.0
pens_att,0.0
shots_total,0.0063532401524777635
shots_on_target,0.0021177467174925877
sca,0.020330368487928845
gca,0.0033883947479881405
xg,0.0002541296060991106
crosses_into_penalty_area,0.005929690808979246
passes_into_final_third,0.030919102075391783
passes_into_penalty_area,0.01397712833545108
progressive_passes,0.04489623041084286
carry_progressive_distance,1.15713680643795
assisted_shots,0.009741634900465904
fouled,0.021177467174925878
pens_won,0.0
tackles,0.026683608640406607
interceptions,0.004659042778483694
blocks,0.023295213892418468
tackles_won,0.01609487505294367
dribble_tackles,0.011435832274459974
dribbles_vs,0.029224904701397714
pressures,0.18212621770436255
pressure_regains,0.052096569250317665
clearances,0.027107157983905124
errors,0.0
aerials_won,0.009318085556967387
aerials_lost,0.014400677678949597
ball_recoveries,0.10715798390512495
pens_conceded,0.00042354934349851756
fouls,0.018212621770436255
cards_yellow_red,0.0
