position,CM
passes_completed,0.34081041968162085
passes,0.43342981186685964
dribbles_completed,0.008683068017366137
dribbles,0.01688374336710082
passes_completed_short,0.15340086830680175
passes_short,0.1772793053545586
passes_completed_medium,0.1362759286058852
passes_medium,0.16666666666666666
passes_completed_long,0.04341534008683068
passes_long,0.0713941148094549
passes_total_distance,6.226724553786783
passes_free_kicks,0.002894356005788712
through_balls,0.000482392667631452
passes_pressure,0.10250844187168355
passes_switches,0.015918958031837915
crosses,0.013748191027496382
corner_kicks,0.001688374336710082
passes_intercepted,0.005547515677761698
passes_blocked,0.010130246020260492
dispossessed,0.012783405692233478
goals,0.000482392667631452
assists,0.000723589001447178
pens_made,0.0
pens_att,0.0
shots_total,0.007718282682103232
shots_on_target,0.002170767004341534
sca,0.0185721177038109
gca,0.001929570670525808
xg,0.00041003376748673424
crosses_into_penalty_area,0.002653159671972986
passes_into_final_third,0.02894356005788712
passes_into_penalty_area,0.00723589001447178
progressive_passes,0.028461167390255667
carry_progressive_distance,0.9085865894838399
assisted_shots,0.00723589001447178
fouled,0.011095031355523395
pens_won,0.0
tackles,0.025084418716835505
interceptions,0.016160154365653642
blocks,0.020742884708152436
tackles_won,0.0185721177038109
dribble_tackles,0.009889049686444766
dribbles_vs,0.04076218041485769
pressures,0.3024602026049204
pressure_regains,0.06874095513748191
clearances,0.016642547033285094
errors,0.000482392667631452
aerials_won,0.020742884708152436
aerials_lost,0.01326579835986493
ball_recoveries,0.11384466956102267
pens_conceded,0.0
fouls,0.017607332368547998
cards_yellow_red,0.0
