position,GK
SoTA,0.03878733838609006
GA,0.01270619705751226
Saves,0.028198840838163174
#OPA,0.007021845742309407
Cmp,0.051604993312527866
Att,0.06754346856888097
Thr,0.0521622826571556
Stp,0.010254123941150245
