position,CB
passes_completed,0.6757638360334892
passes,0.7331738610416441
dribbles_completed,0.0033706643470696965
dribbles,0.004023050994889638
passes_completed_short,0.24062194193758835
passes_short,0.2513863216266174
passes_completed_medium,0.3418506034576492
passes_medium,0.3608785473523975
passes_completed_long,0.08894204631945199
passes_long,0.11373273893660976
passes_total_distance,13.303142329020332
passes_free_kicks,0.01881048167880831
through_balls,0.00032619332390997064
passes_pressure,0.08100467543764271
passes_switches,0.02033271719038817
crosses,0.00032619332390997064
corner_kicks,0.00010873110796999022
passes_intercepted,0.006306404262259433
passes_blocked,0.0028270088072197457
dispossessed,0.003479395455039687
goals,0.0004349244318799609
assists,0.00010873110796999022
pens_made,0.0
pens_att,0.0
shots_total,0.00521909318255953
shots_on_target,0.0018484288354898336
sca,0.008046101989779276
gca,0.0009785799717299119
xg,0.00047841687506795696
crosses_into_penalty_area,0.00010873110796999022
passes_into_final_third,0.04077416548874633
passes_into_penalty_area,0.002392084375339785
progressive_passes,0.04186147656844623
carry_progressive_distance,1.765249537892791
assisted_shots,0.0021746221593998043
fouled,0.009350875285419159
pens_won,0.00010873110796999022
tackles,0.023812112645427857
interceptions,0.005980210938349462
blocks,0.016962052843318472
tackles_won,0.01522235511579863
dribble_tackles,0.01011199304120909
dribbles_vs,0.018701750570838317
pressures,0.08948570185930195
pressure_regains,0.03044471023159726
clearances,0.04642818310318582
errors,0.00010873110796999022
aerials_won,0.016744590627378493
aerials_lost,0.011090573012939002
ball_recoveries,0.11503751223224964
pens_conceded,0.00010873110796999022
fouls,0.014352506252038709
cards_yellow_red,0.00010873110796999022
