position,CM
passes_completed,0.8206565252201762
passes,0.8935148118494796
dribbles_completed,0.0032025620496397116
dribbles,0.004803843074459567
passes_completed_short,0.33947157726180943
passes_short,0.36269015212169736
passes_completed_medium,0.37710168134507605
passes_medium,0.4035228182546037
passes_completed_long,0.09207365892714171
passes_long,0.10728582866293035
passes_total_distance,15.024019215372299
passes_free_kicks,0.006405124099279423
through_balls,0.0
passes_pressure,0.13290632506004804
passes_switches,0.017614091273018415
crosses,0.0032025620496397116
corner_kicks,0.0016012810248198558
passes_intercepted,0.008807045636509208
passes_blocked,0.008006405124099279
dispossessed,0.007205764611689352
goals,0.0
assists,0.0008006405124099279
pens_made,0.0
pens_att,0.0
shots_total,0.01200960768614892
shots_on_target,0.0008006405124099279
sca,0.02321857485988791
gca,0.0008006405124099279
xg,0.0005604483586869496
crosses_into_penalty_area,0.0
passes_into_final_third,0.08246597277822258
passes_into_penalty_area,0.007205764611689352
progressive_passes,0.0688550840672538
carry_progressive_distance,1.822257806244996
assisted_shots,0.01120896717373899
fouled,0.004803843074459567
pens_won,0.0
tackles,0.017614091273018415
interceptions,0.008006405124099279
blocks,0.016012810248198558
tackles_won,0.008807045636509208
dribble_tackles,0.006405124099279423
dribbles_vs,0.01521216973578863
pressures,0.19855884707766214
pressure_regains,0.057646116893514815
clearances,0.01521216973578863
errors,0.0
aerials_won,0.004803843074459567
aerials_lost,0.006405124099279423
ball_recoveries,0.11849479583666933
pens_conceded,0.0
fouls,0.0040032025620496394
cards_yellow_red,0.0
