position,AM
passes_completed,0.27710843373493976
passes,0.34805890227576974
dribbles_completed,0.009370816599732263
dribbles,0.013386880856760375
passes_completed_short,0.15528781793842034
passes_short,0.1713520749665328
passes_completed_medium,0.0963855421686747
passes_medium,0.11244979919678715
passes_completed_long,0.014725568942436412
passes_long,0.04551539491298527
passes_total_distance,4.066934404283802
passes_free_kicks,0.008032128514056224
through_balls,0.004016064257028112
passes_pressure,0.09370816599732262
passes_switches,0.009370816599732263
crosses,0.020080321285140562
corner_kicks,0.0
passes_intercepted,0.006693440428380187
passes_blocked,0.00535475234270415
dispossessed,0.020080321285140562
goals,0.0
assists,0.0
pens_made,0.0
pens_att,0.0
shots_total,0.014725568942436412
shots_on_target,0.002677376171352075
sca,0.020080321285140562
gca,0.002677376171352075
xg,0.0012048192771084338
crosses_into_penalty_area,0.0
passes_into_final_third,0.0214190093708166
passes_into_penalty_area,0.006693440428380187
progressive_passes,0.029451137884872823
carry_progressive_distance,0.9022757697456493
assisted_shots,0.006693440428380187
fouled,0.018741633199464525
pens_won,0.0
tackles,0.004016064257028112
interceptions,0.0107095046854083
blocks,0.00535475234270415
tackles_won,0.0013386880856760374
dribble_tackles,0.002677376171352075
dribbles_vs,0.004016064257028112
pressures,0.13788487282463185
pressure_regains,0.02677376171352075
clearances,0.008032128514056224
errors,0.0
aerials_won,0.0
aerials_lost,0.004016064257028112
ball_recoveries,0.07630522088353414
pens_conceded,0.0
fouls,0.0107095046854083
cards_yellow_red,0.0013386880856760374
