position,FW
passes_completed,0.14325323475046212
passes,0.22735674676524953
dribbles_completed,0.014787430683918669
dribbles,0.024953789279112754
passes_completed_short,0.0878003696857671
passes_short,0.12476894639556377
passes_completed_medium,0.041589648798521256
passes_medium,0.066543438077634
passes_completed_long,0.00831792975970425
passes_long,0.015711645101663587
passes_total_distance,2.0268022181146024
passes_free_kicks,0.0
through_balls,0.0018484288354898336
passes_pressure,0.04990757855822551
passes_switches,0.0027726432532347504
crosses,0.00831792975970425
corner_kicks,0.0
passes_intercepted,0.005545286506469501
passes_blocked,0.015711645101663587
dispossessed,0.014787430683918669
goals,0.0018484288354898336
assists,0.0
pens_made,0.0
pens_att,0.0
shots_total,0.02310536044362292
shots_on_target,0.00831792975970425
sca,0.034195933456561925
gca,0.0027726432532347504
xg,0.004066543438077635
crosses_into_penalty_area,0.0
passes_into_final_third,0.0036968576709796672
passes_into_penalty_area,0.0046210720887245845
progressive_passes,0.012014787430683918
carry_progressive_distance,0.6829944547134935
assisted_shots,0.015711645101663587
fouled,0.015711645101663587
pens_won,0.0009242144177449168
tackles,0.011090573012939002
interceptions,0.0018484288354898336
blocks,0.00831792975970425
tackles_won,0.006469500924214418
dribble_tackles,0.0018484288354898336
dribbles_vs,0.0073937153419593345
pressures,0.266173752310536
pressure_regains,0.066543438077634
clearances,0.0027726432532347504
errors,0.0
aerials_won,0.013863216266173753
aerials_lost,0.034195933456561925
ball_recoveries,0.066543438077634
pens_conceded,0.0
fouls,0.014787430683918669
cards_yellow_red,0.0
