position,LW
passes_completed,0.22555623596652377
passes,0.31802408654827513
dribbles_completed,0.01490100020412329
dribbles,0.023474178403755867
passes_completed_short,0.13390487854664218
passes_short,0.16268626250255155
passes_completed_medium,0.06593182282098388
passes_medium,0.09287609716268626
passes_completed_long,0.016942233108797715
passes_long,0.03919167176974893
passes_total_distance,3.4133496631965707
passes_free_kicks,0.010206164523372117
through_balls,0.001224739742804654
passes_pressure,0.06919779546846296
passes_switches,0.01224739742804654
crosses,0.018779342723004695
corner_kicks,0.009185548071034905
passes_intercepted,0.007756685037762809
passes_blocked,0.016738109818330273
dispossessed,0.02449479485609308
goals,0.004286589099816289
assists,0.0020412329046744235
pens_made,0.0
pens_att,0.0
shots_total,0.028985507246376812
shots_on_target,0.010206164523372117
sca,0.031639110022453565
gca,0.004286589099816289
xg,0.003347621963666054
crosses_into_penalty_area,0.003674219228413962
passes_into_final_third,0.013676260461318637
passes_into_penalty_area,0.011635027556644213
progressive_passes,0.021432945499081445
carry_progressive_distance,0.8648703817105532
assisted_shots,0.014084507042253521
fouled,0.03755868544600939
pens_won,0.0
tackles,0.012859767299448868
interceptions,0.0032659726474790775
blocks,0.009797917942437232
tackles_won,0.00877730149010002
dribble_tackles,0.002449479485609308
dribbles_vs,0.00877730149010002
pressures,0.20146968769136558
pressure_regains,0.05123494590732803
clearances,0.005103082261686058
errors,0.0
aerials_won,0.010818534394774443
aerials_lost,0.02102469891814656
ball_recoveries,0.05837926107368851
pens_conceded,0.0
fouls,0.014084507042253521
cards_yellow_red,0.00020412329046744235
