position,CB
passes_completed,0.4678624813153961
passes,0.5724962630792227
dribbles_completed,0.0029895366218236174
dribbles,0.003986048829098156
passes_completed_short,0.12855007473841554
passes_short,0.13702042850024912
passes_completed_medium,0.23318385650224216
passes_medium,0.2536123567513702
passes_completed_long,0.10363726955655207
passes_long,0.17189835575485798
passes_total_distance,10.928251121076233
passes_free_kicks,0.014449427005480818
through_balls,0.0
passes_pressure,0.07174887892376682
passes_switches,0.025909317389138018
crosses,0.0004982561036372695
corner_kicks,0.0
passes_intercepted,0.0064773293472845045
passes_blocked,0.008470353761833582
dispossessed,0.004484304932735426
goals,0.001993024414549078
assists,0.0
pens_made,0.0
pens_att,0.0
shots_total,0.007473841554559043
shots_on_target,0.002491280518186348
sca,0.004484304932735426
gca,0.0004982561036372695
xg,0.001096163428001993
crosses_into_penalty_area,0.0004982561036372695
passes_into_final_third,0.028400597907324365
passes_into_penalty_area,0.0014947683109118087
progressive_passes,0.02242152466367713
carry_progressive_distance,1.1783756851021425
assisted_shots,0.000996512207274539
fouled,0.006975585450921774
pens_won,0.0
tackles,0.016940707523667164
interceptions,0.006975585450921774
blocks,0.02192326856003986
tackles_won,0.01245640259093174
dribble_tackles,0.005979073243647235
dribbles_vs,0.014947683109118086
pressures,0.1210762331838565
pressure_regains,0.03288490284005979
clearances,0.09118086696562033
errors,0.0014947683109118087
aerials_won,0.03537618335824614
aerials_lost,0.01245640259093174
ball_recoveries,0.0916791230692576
pens_conceded,0.0
fouls,0.016442451420029897
cards_yellow_red,0.0
