position,GK
SoTA,0.05782312925170068
GA,0.017913832199546485
Saves,0.04285714285714286
#OPA,0.004761904761904762
Cmp,0.06848072562358276
Att,0.08503401360544217
Thr,0.03605442176870748
Stp,0.011111111111111112
