position,AM
passes_completed,0.22672064777327935
passes,0.2807017543859649
dribbles_completed,0.022941970310391364
dribbles,0.037786774628879895
passes_completed_short,0.1106612685560054
passes_short,0.13090418353576247
passes_completed_medium,0.08636977058029689
passes_medium,0.10256410256410256
passes_completed_long,0.024291497975708502
passes_long,0.032388663967611336
passes_total_distance,3.948717948717949
passes_free_kicks,0.001349527665317139
through_balls,0.001349527665317139
passes_pressure,0.09851551956815115
passes_switches,0.005398110661268556
crosses,0.002699055330634278
corner_kicks,0.001349527665317139
passes_intercepted,0.008097165991902834
passes_blocked,0.010796221322537112
dispossessed,0.02834008097165992
goals,0.001349527665317139
assists,0.001349527665317139
pens_made,0.0
pens_att,0.0
shots_total,0.012145748987854251
shots_on_target,0.006747638326585695
sca,0.0310391363022942
gca,0.004048582995951417
xg,0.0012145748987854252
crosses_into_penalty_area,0.0
passes_into_final_third,0.020242914979757085
passes_into_penalty_area,0.0
progressive_passes,0.016194331983805668
carry_progressive_distance,0.8191632928475033
assisted_shots,0.01349527665317139
fouled,0.020242914979757085
pens_won,0.0
tackles,0.010796221322537112
interceptions,0.004048582995951417
blocks,0.009446693657219974
tackles_won,0.008097165991902834
dribble_tackles,0.001349527665317139
dribbles_vs,0.01349527665317139
pressures,0.2793522267206478
pressure_regains,0.07017543859649122
clearances,0.004048582995951417
errors,0.0
aerials_won,0.010796221322537112
aerials_lost,0.016194331983805668
ball_recoveries,0.06477732793522267
pens_conceded,0.0
fouls,0.021592442645074223
cards_yellow_red,0.0
