position,CM
passes_completed,0.4312617702448211
passes,0.4774011299435028
dribbles_completed,0.007532956685499058
dribbles,0.010357815442561206
passes_completed_short,0.19303201506591336
passes_short,0.2175141242937853
passes_completed_medium,0.1751412429378531
passes_medium,0.18832391713747645
passes_completed_long,0.04896421845574388
passes_long,0.05367231638418079
passes_total_distance,7.5790960451977405
passes_free_kicks,0.00847457627118644
through_balls,0.0009416195856873823
passes_pressure,0.08945386064030132
passes_switches,0.00847457627118644
crosses,0.0009416195856873823
corner_kicks,0.0
passes_intercepted,0.007532956685499058
passes_blocked,0.007532956685499058
dispossessed,0.01224105461393597
goals,0.0
assists,0.0009416195856873823
pens_made,0.0
pens_att,0.0
shots_total,0.005649717514124294
shots_on_target,0.0009416195856873823
sca,0.0160075329566855
gca,0.003766478342749529
xg,0.00047080979284369113
crosses_into_penalty_area,0.0
passes_into_final_third,0.031073446327683617
passes_into_penalty_area,0.003766478342749529
progressive_passes,0.030131826741996232
carry_progressive_distance,1.1873822975517891
assisted_shots,0.007532956685499058
fouled,0.023540489642184557
pens_won,0.0
tackles,0.015065913370998116
interceptions,0.002824858757062147
blocks,0.01224105461393597
tackles_won,0.007532956685499058
dribble_tackles,0.005649717514124294
dribbles_vs,0.021657250470809793
pressures,0.24105461393596986
pressure_regains,0.05273069679849341
clearances,0.004708097928436911
errors,0.0
aerials_won,0.002824858757062147
aerials_lost,0.013182674199623353
ball_recoveries,0.0903954802259887
pens_conceded,0.0
fouls,0.03483992467043315
cards_yellow_red,0.0009416195856873823
