position,RB
passes_completed,0.45690672963400236
passes,0.5802833530106257
dribbles_completed,0.011216056670602124
dribbles,0.015053128689492325
passes_completed_short,0.12012987012987013
passes_short,0.1422668240850059
passes_completed_medium,0.2231404958677686
passes_medium,0.26062573789846516
passes_completed_long,0.11068476977567887
passes_long,0.16499409681227864
passes_total_distance,10.698937426210154
passes_free_kicks,0.014462809917355372
through_balls,0.0
passes_pressure,0.08412042502951594
passes_switches,0.0371900826446281
crosses,0.020070838252656435
corner_kicks,0.0014757969303423849
passes_intercepted,0.009149940968122786
passes_blocked,0.013872491145218418
dispossessed,0.007378984651711925
goals,0.00029515938606847696
assists,0.0005903187721369539
pens_made,0.0
pens_att,0.0
shots_total,0.011511216056670602
shots_on_target,0.0038370720188902006
sca,0.01770956316410862
gca,0.0011806375442739079
xg,0.0003246753246753247
crosses_into_penalty_area,0.0059031877213695395
passes_into_final_third,0.03394332939787485
passes_into_penalty_area,0.011806375442739079
progressive_passes,0.04604486422668241
carry_progressive_distance,1.269185360094451
assisted_shots,0.00885478158205431
fouled,0.007969303423848878
pens_won,0.0
tackles,0.028925619834710745
interceptions,0.011511216056670602
blocks,0.015938606847697757
tackles_won,0.01829988193624557
dribble_tackles,0.012396694214876033
dribbles_vs,0.028925619834710745
pressures,0.1962809917355372
pressure_regains,0.05194805194805195
clearances,0.02804014167650531
errors,0.00029515938606847696
aerials_won,0.008559622195985833
aerials_lost,0.010035419126328217
ball_recoveries,0.11216056670602124
pens_conceded,0.0005903187721369539
fouls,0.012987012987012988
cards_yellow_red,0.00029515938606847696
