position,LB
passes_completed,0.3447368421052632
passes,0.47368421052631576
dribbles_completed,0.021052631578947368
dribbles,0.034210526315789476
passes_completed_short,0.15789473684210525
passes_short,0.18157894736842106
passes_completed_medium,0.15263157894736842
passes_medium,0.2
passes_completed_long,0.02631578947368421
passes_long,0.06315789473684211
passes_total_distance,5.907894736842105
passes_free_kicks,0.0
through_balls,0.0
passes_pressure,0.060526315789473685
passes_switches,0.005263157894736842
crosses,0.02894736842105263
corner_kicks,0.0
passes_intercepted,0.018421052631578946
passes_blocked,0.02631578947368421
dispossessed,0.018421052631578946
goals,0.0
assists,0.002631578947368421
pens_made,0.0
pens_att,0.0
shots_total,0.007894736842105263
shots_on_target,0.002631578947368421
sca,0.039473684210526314
gca,0.002631578947368421
xg,0.0
crosses_into_penalty_area,0.013157894736842105
passes_into_final_third,0.02631578947368421
passes_into_penalty_area,0.015789473684210527
progressive_passes,0.03684210526315789
carry_progressive_distance,1.7131578947368422
assisted_shots,0.021052631578947368
fouled,0.010526315789473684
pens_won,0.0
tackles,0.060526315789473685
interceptions,0.007894736842105263
blocks,0.03684210526315789
tackles_won,0.042105263157894736
dribble_tackles,0.021052631578947368
dribbles_vs,0.031578947368421054
pressures,0.25
pressure_regains,0.08157894736842106
clearances,0.04736842105263158
errors,0.0
aerials_won,0.015789473684210527
aerials_lost,0.010526315789473684
ball_recoveries,0.07631578947368421
pens_conceded,0.0
fouls,0.021052631578947368
cards_yellow_red,0.0
