position,FW
passes_completed,0.5206077015643803
passes,0.6209386281588448
dribbles_completed,0.027978339350180504
dribbles,0.05054151624548736
passes_completed_short,0.2530084235860409
passes_short,0.2826413959085439
passes_completed_medium,0.17975330926594466
passes_medium,0.2032190132370638
passes_completed_long,0.07716606498194946
passes_long,0.1111612515042118
passes_total_distance,9.56979542719615
passes_free_kicks,0.012785800240673887
through_balls,0.0013537906137184115
passes_pressure,0.09717208182912154
passes_switches,0.03790613718411552
crosses,0.01865222623345367
corner_kicks,0.02918170878459687
passes_intercepted,0.009626955475330927
passes_blocked,0.017448856799037304
dispossessed,0.022713598074608904
goals,0.005716004813477738
assists,0.002256317689530686
pens_made,0.0007521058965102287
pens_att,0.00105294825511432
shots_total,0.041064981949458484
shots_on_target,0.014290012033694344
sca,0.06016847172081829
gca,0.007821901323706379
xg,0.004001203369434416
crosses_into_penalty_area,0.003309265944645006
passes_into_final_third,0.04136582430806258
passes_into_penalty_area,0.019253910950661854
progressive_passes,0.04918772563176895
carry_progressive_distance,1.7557160048134777
assisted_shots,0.026173285198555957
fouled,0.029031287605294824
pens_won,0.0009025270758122744
tackles,0.009025270758122744
interceptions,0.006016847172081829
blocks,0.01233453670276775
tackles_won,0.0069193742478941035
dribble_tackles,0.0024067388688327317
dribbles_vs,0.01338748495788207
pressures,0.18682310469314078
pressure_regains,0.04542719614921781
clearances,0.0009025270758122744
errors,0.0
aerials_won,0.0015042117930204573
aerials_lost,0.004362214199759326
ball_recoveries,0.0631768953068592
pens_conceded,0.0
fouls,0.008724428399518652
cards_yellow_red,0.0
