position,FW
passes_completed,0.23193685488767457
passes,0.39162112932604737
dribbles_completed,0.0036429872495446266
dribbles,0.009107468123861567
passes_completed_short,0.15300546448087432
passes_short,0.24043715846994534
passes_completed_medium,0.06375227686703097
passes_medium,0.10625379477838494
passes_completed_long,0.004857316332726169
passes_long,0.009107468123861567
passes_total_distance,3.0121432908318155
passes_free_kicks,0.0
through_balls,0.0006071645415907711
passes_pressure,0.13114754098360656
passes_switches,0.0012143290831815423
crosses,0.0030358227079538553
corner_kicks,0.0
passes_intercepted,0.01092896174863388
passes_blocked,0.015786278081360048
dispossessed,0.01092896174863388
goals,0.0030358227079538553
assists,0.0012143290831815423
pens_made,0.0
pens_att,0.0
shots_total,0.018214936247723135
shots_on_target,0.006071645415907711
sca,0.0230722525804493
gca,0.0012143290831815423
xg,0.0026715239829993936
crosses_into_penalty_area,0.0006071645415907711
passes_into_final_third,0.024893746205221615
passes_into_penalty_area,0.004857316332726169
progressive_passes,0.0273224043715847
carry_progressive_distance,0.222829386763813
assisted_shots,0.012750455373406194
fouled,0.007285974499089253
pens_won,0.0
tackles,0.0
interceptions,0.0006071645415907711
blocks,0.01092896174863388
tackles_won,0.0
dribble_tackles,0.0
dribbles_vs,0.0018214936247723133
pressures,0.1111111111111111
pressure_regains,0.02671523982999393
clearances,0.018214936247723135
errors,0.0
aerials_won,0.0922890103217972
aerials_lost,0.048573163327261686
ball_recoveries,0.04735883424408015
pens_conceded,0.0
fouls,0.026108075288403157
cards_yellow_red,0.0
