position,LB
passes_completed,0.3584699453551913
passes,0.5362477231329691
dribbles_completed,0.004128718882817244
dribbles,0.006071645415907711
passes_completed_short,0.14037644201578628
passes_short,0.16539162112932604
passes_completed_medium,0.14790528233151184
passes_medium,0.19356405585913783
passes_completed_long,0.06630236794171221
passes_long,0.16053430479659989
passes_total_distance,7.3642987249544625
passes_free_kicks,0.026108075288403157
through_balls,0.00024286581663630845
passes_pressure,0.08403157255616273
passes_switches,0.03400121432908318
crosses,0.041530054644808745
corner_kicks,0.036065573770491806
passes_intercepted,0.009107468123861567
passes_blocked,0.019064966605950213
dispossessed,0.005343047965998785
goals,0.001700060716454159
assists,0.0024286581663630845
pens_made,0.00012143290831815422
pens_att,0.00012143290831815422
shots_total,0.009593199757134184
shots_on_target,0.003885853066180935
sca,0.034729811778992106
gca,0.00315725561627201
xg,0.0008378870673952641
crosses_into_penalty_area,0.0100789313904068
passes_into_final_third,0.025136612021857924
passes_into_penalty_area,0.01809350333940498
progressive_passes,0.04055859137826351
carry_progressive_distance,1.0001214329083181
assisted_shots,0.025136612021857924
fouled,0.006557377049180328
pens_won,0.0
tackles,0.015786278081360048
interceptions,0.007043108682452945
blocks,0.01177899210686096
tackles_won,0.00922890103217972
dribble_tackles,0.0058287795992714025
dribbles_vs,0.017729204614450517
pressures,0.14414086217364905
pressure_regains,0.04080145719489982
clearances,0.02210078931390407
errors,0.00012143290831815422
aerials_won,0.008743169398907104
aerials_lost,0.010807528840315725
ball_recoveries,0.08816029143897997
pens_conceded,0.0
fouls,0.006557377049180328
cards_yellow_red,0.0
