position,FW
passes_completed,0.19672131147540983
passes,0.25250159676389183
dribbles_completed,0.01362571854375133
dribbles,0.022141792633595912
passes_completed_short,0.12539919097296146
passes_short,0.15179902065147965
passes_completed_medium,0.05322546306152864
passes_medium,0.06621247604854162
passes_completed_long,0.008516074089844582
passes_long,0.014903129657228018
passes_total_distance,2.644879710453481
passes_free_kicks,0.0006387055567383436
through_balls,0.0004258037044922291
passes_pressure,0.06919310197998722
passes_switches,0.0017032148179689163
crosses,0.0029806259314456036
corner_kicks,0.0
passes_intercepted,0.006174153715137322
passes_blocked,0.008516074089844582
dispossessed,0.022780498190334255
goals,0.00702576112412178
assists,0.0012774111134766872
pens_made,0.0012774111134766872
pens_att,0.0017032148179689163
shots_total,0.03406429635937833
shots_on_target,0.014264424100489675
sca,0.01873536299765808
gca,0.002767724079199489
xg,0.005939961677666594
crosses_into_penalty_area,0.0004258037044922291
passes_into_final_third,0.011922503725782414
passes_into_penalty_area,0.0029806259314456036
progressive_passes,0.010857994464551842
carry_progressive_distance,0.5365126676602087
assisted_shots,0.006599957419629551
fouled,0.024057909303810944
pens_won,0.00021290185224611454
tackles,0.007451564828614009
interceptions,0.0038322333404300617
blocks,0.006387055567383436
tackles_won,0.005109644453906749
dribble_tackles,0.0019161166702150309
dribbles_vs,0.009580583351075155
pressures,0.18969555035128804
pressure_regains,0.046199701937406856
clearances,0.006812859271875665
errors,0.00021290185224611454
aerials_won,0.01639344262295082
aerials_lost,0.021290185224611454
ball_recoveries,0.04194166489248456
pens_conceded,0.00021290185224611454
fouls,0.024057909303810944
cards_yellow_red,0.0
