position,LW
passes_completed,0.38445220863488894
passes,0.46905415522835037
dribbles_completed,0.02383329173945595
dribbles,0.04492138757174944
passes_completed_short,0.24157723983029697
passes_short,0.27065136011979035
passes_completed_medium,0.12103818317943599
passes_medium,0.1466184177689044
passes_completed_long,0.012228599950087347
passes_long,0.02383329173945595
passes_total_distance,5.32555527826304
passes_free_kicks,0.0007486897928624906
through_balls,0.0017469428500124782
passes_pressure,0.10943349139006739
passes_switches,0.004242575492887447
crosses,0.02495632642874969
corner_kicks,0.003119540803593711
passes_intercepted,0.011729473421512353
passes_blocked,0.020214624407287246
dispossessed,0.029947591714499625
goals,0.006862989767906164
assists,0.002620414275018717
pens_made,0.00012478163214374845
pens_att,0.0003743448964312453
shots_total,0.03206887946094335
shots_on_target,0.013226853007237334
sca,0.04754180184676816
gca,0.008110806089343649
xg,0.005902171200399301
crosses_into_penalty_area,0.0021212877464437236
passes_into_final_third,0.010606438732218617
passes_into_penalty_area,0.02071375093586224
progressive_passes,0.03269278762166209
carry_progressive_distance,2.0726229099076616
assisted_shots,0.019715497878712254
fouled,0.01771899176441228
pens_won,0.0013725979535812328
tackles,0.011479910157224856
interceptions,0.00561517344646868
blocks,0.011479910157224856
tackles_won,0.007861242825056151
dribble_tackles,0.0029947591714499623
dribbles_vs,0.008360369353631145
pressures,0.1481157973546294
pressure_regains,0.04567007736461193
clearances,0.001996506114299975
errors,0.0
aerials_won,0.00399301222859995
aerials_lost,0.008609932617918642
ball_recoveries,0.060144746693286746
pens_conceded,0.00012478163214374845
fouls,0.013725979535812328
cards_yellow_red,0.00012478163214374845
