position,LW
passes_completed,0.24127108670066694
passes,0.3326794821498627
dribbles_completed,0.028246371125931737
dribbles,0.05727736367202824
passes_completed_short,0.1224009415457042
passes_short,0.1514319340918007
passes_completed_medium,0.09493919183993724
passes_medium,0.11926245586504512
passes_completed_long,0.016869360533542564
passes_long,0.036877206747744216
passes_total_distance,3.8387602981561395
passes_free_kicks,0.0011769321302471558
through_balls,0.00039231071008238524
passes_pressure,0.07924676343664182
passes_switches,0.005492349941153394
crosses,0.02157708905453119
corner_kicks,0.001961553550411926
passes_intercepted,0.010592389172224402
passes_blocked,0.02157708905453119
dispossessed,0.030207924676343666
goals,0.0011769321302471558
assists,0.0
pens_made,0.00039231071008238524
pens_att,0.00039231071008238524
shots_total,0.018438603373872108
shots_on_target,0.0051000392310710085
sca,0.021184778344448804
gca,0.00039231071008238524
xg,0.0014515496273048256
crosses_into_penalty_area,0.003530796390741467
passes_into_final_third,0.011769321302471557
passes_into_penalty_area,0.00823852491173009
progressive_passes,0.02471557473519027
carry_progressive_distance,2.5343271871322086
assisted_shots,0.00823852491173009
fouled,0.023538642604943115
pens_won,0.0
tackles,0.019615535504119264
interceptions,0.006669282071400549
blocks,0.018046292663789723
tackles_won,0.010984699882306787
dribble_tackles,0.005492349941153394
dribbles_vs,0.02000784621420165
pressures,0.18281679089839153
pressure_regains,0.05492349941153393
clearances,0.003138485680659082
errors,0.0
aerials_won,0.004315417810906237
aerials_lost,0.00823852491173009
ball_recoveries,0.0878775990584543
pens_conceded,0.0
fouls,0.012946253432718713
cards_yellow_red,0.0
