position,DM
passes_completed,0.4896704377766847
passes,0.6333005410723069
dribbles_completed,0.007132316773241515
dribbles,0.013280865715691098
passes_completed_short,0.18789965568125921
passes_short,0.22036399409739302
passes_completed_medium,0.2191342843089031
passes_medium,0.26463354648303
passes_completed_long,0.073536645351697
passes_long,0.12272503689129366
passes_total_distance,9.658878504672897
passes_free_kicks,0.010083620265617314
through_balls,0.0007378258730939498
passes_pressure,0.12272503689129366
passes_switches,0.02557796360059026
crosses,0.016969995081160847
corner_kicks,0.0054107230693556324
passes_intercepted,0.01278898180029513
passes_blocked,0.01721593703885883
dispossessed,0.014018691588785047
goals,0.0004918839153959665
assists,0.0007378258730939498
pens_made,0.0
pens_att,0.0
shots_total,0.01131333005410723
shots_on_target,0.0027053615346778162
sca,0.028037383177570093
gca,0.0022134776192818495
xg,0.00034431874077717656
crosses_into_penalty_area,0.0031972454500737825
passes_into_final_third,0.06443679291687161
passes_into_penalty_area,0.010329562223315297
progressive_passes,0.0632070831283817
carry_progressive_distance,1.5496802754549925
assisted_shots,0.013772749631087064
fouled,0.0076242006886374815
pens_won,0.0
tackles,0.03910477127397934
interceptions,0.01352680767338908
blocks,0.02336448598130841
tackles_won,0.025823905558288243
dribble_tackles,0.01352680767338908
dribbles_vs,0.03885882931628136
pressures,0.23118544023610427
pressure_regains,0.06689621249385146
clearances,0.016232169208066895
errors,0.0007378258730939498
aerials_won,0.014510575504181012
aerials_lost,0.012543039842597147
ball_recoveries,0.13748155435317266
pens_conceded,0.0
fouls,0.01795376291195278
cards_yellow_red,0.0
