position,CB
passes_completed,0.4683445770627919
passes,0.5827711468604048
dribbles_completed,0.0031136481577581734
dribbles,0.0036325895173845357
passes_completed_short,0.12532433834976647
passes_short,0.14063310845874416
passes_completed_medium,0.24753502854177478
passes_medium,0.2815256875973015
passes_completed_long,0.09289050337311884
passes_long,0.14608199273482098
passes_total_distance,10.432797093928386
passes_free_kicks,0.014270887389724962
through_balls,0.0002594706798131811
passes_pressure,0.08432797093928386
passes_switches,0.02542812662169175
crosses,0.0038920601971977166
corner_kicks,0.0
passes_intercepted,0.008822003113648157
passes_blocked,0.013233004670472236
dispossessed,0.002854177477944992
goals,0.0010378827192527244
assists,0.0002594706798131811
pens_made,0.0
pens_att,0.0
shots_total,0.008822003113648157
shots_on_target,0.0033731188375713543
sca,0.008303061754021795
gca,0.0005189413596263622
xg,0.0010119356512714064
crosses_into_penalty_area,0.0005189413596263622
passes_into_final_third,0.04644525168655942
passes_into_penalty_area,0.0036325895173845357
progressive_passes,0.04462895692786715
carry_progressive_distance,0.9530358069538142
assisted_shots,0.002594706798131811
fouled,0.008562532433834976
pens_won,0.0
tackles,0.028801245459263103
interceptions,0.009859885832900882
blocks,0.024130773222625843
tackles_won,0.013751946030098598
dribble_tackles,0.009859885832900882
dribbles_vs,0.020498183705241306
pressures,0.14789828749351322
pressure_regains,0.04696419304618578
clearances,0.0742086144265698
errors,0.0002594706798131811
aerials_won,0.04151530877010898
aerials_lost,0.021795537104307212
ball_recoveries,0.1333679294239751
pens_conceded,0.0
fouls,0.01816294758692268
cards_yellow_red,0.0002594706798131811
