position,DM
passes_completed,0.4315525876460768
passes,0.5542570951585977
dribbles_completed,0.00862548692264886
dribbles,0.011825264329437953
passes_completed_short,0.1553978853644964
passes_short,0.18433500278241513
passes_completed_medium,0.19435169727323318
passes_medium,0.23233166388425153
passes_completed_long,0.07762938230383973
passes_long,0.12340011129660546
passes_total_distance,9.014051196438508
passes_free_kicks,0.015025041736227046
through_balls,0.0011129660545353367
passes_pressure,0.09557595993322204
passes_switches,0.020728992765720645
crosses,0.0026432943795214247
corner_kicks,0.0002782415136338342
passes_intercepted,0.009738452977184196
passes_blocked,0.01099053978853645
dispossessed,0.005008347245409015
goals,0.0001391207568169171
assists,0.0001391207568169171
pens_made,0.0001391207568169171
pens_att,0.0001391207568169171
shots_total,0.006816917084028937
shots_on_target,0.0008347245409015025
sca,0.014190317195325543
gca,0.0013912075681691708
xg,0.0001391207568169171
crosses_into_penalty_area,0.00041736227045075126
passes_into_final_third,0.049805230940456316
passes_into_penalty_area,0.00333889816360601
progressive_passes,0.048831385642737896
carry_progressive_distance,0.8228992765720645
assisted_shots,0.005008347245409015
fouled,0.017807456872565387
pens_won,0.0
tackles,0.03102392877017251
interceptions,0.017111853088480802
blocks,0.02003338898163606
tackles_won,0.022259321090706732
dribble_tackles,0.01001669449081803
dribbles_vs,0.03213689482470785
pressures,0.21549805230940455
pressure_regains,0.06274346132442961
clearances,0.017390094602114634
errors,0.00041736227045075126
aerials_won,0.013912075681691708
aerials_lost,0.01335559265442404
ball_recoveries,0.17153589315525877
pens_conceded,0.0001391207568169171
fouls,0.015442404006677797
cards_yellow_red,0.0
