position,RM
passes_completed,0.321285140562249
passes,0.4226907630522088
dribbles_completed,0.03589357429718876
dribbles,0.056977911646586346
passes_completed_short,0.1892570281124498
passes_short,0.22364457831325302
passes_completed_medium,0.10240963855421686
passes_medium,0.13453815261044177
passes_completed_long,0.023343373493975902
passes_long,0.04241967871485944
passes_total_distance,4.923192771084337
passes_free_kicks,0.0015060240963855422
through_balls,0.0012550200803212851
passes_pressure,0.10692771084337349
passes_switches,0.008032128514056224
crosses,0.0286144578313253
corner_kicks,0.0007530120481927711
passes_intercepted,0.009036144578313253
passes_blocked,0.016817269076305222
dispossessed,0.030120481927710843
goals,0.001004016064257028
assists,0.0017570281124497991
pens_made,0.0
pens_att,0.0
shots_total,0.012550200803212851
shots_on_target,0.0050200803212851405
sca,0.03890562248995984
gca,0.004769076305220884
xg,0.001029116465863454
crosses_into_penalty_area,0.004518072289156626
passes_into_final_third,0.02635542168674699
passes_into_penalty_area,0.015060240963855422
progressive_passes,0.0409136546184739
carry_progressive_distance,2.405371485943775
assisted_shots,0.01706827309236948
fouled,0.01606425702811245
pens_won,0.000251004016064257
tackles,0.014056224899598393
interceptions,0.0050200803212851405
blocks,0.015311244979919678
tackles_won,0.010291164658634538
dribble_tackles,0.006024096385542169
dribbles_vs,0.016566265060240965
pressures,0.23443775100401607
pressure_regains,0.056977911646586346
clearances,0.005522088353413655
errors,0.0
aerials_won,0.006024096385542169
aerials_lost,0.012801204819277108
ball_recoveries,0.08082329317269077
pens_conceded,0.0
fouls,0.01581325301204819
cards_yellow_red,0.0
