position,DM
passes_completed,0.5301764159702879
passes,0.6211699164345403
dribbles_completed,0.007118539151965335
dribbles,0.009285051067780872
passes_completed_short,0.18136799752398639
passes_short,0.19962859795728877
passes_completed_medium,0.21943670690188796
passes_medium,0.2420303311668214
passes_completed_long,0.1210151655834107
passes_long,0.16248839368616527
passes_total_distance,11.579696688331786
passes_free_kicks,0.015784586815227482
through_balls,0.00030950170225936243
passes_pressure,0.11915815536985454
passes_switches,0.0436397400185701
crosses,0.005880532342927886
corner_kicks,0.008356545961002786
passes_intercepted,0.008356545961002786
passes_blocked,0.00773754255648406
dispossessed,0.004333023831631074
goals,0.0009285051067780873
assists,0.0009285051067780873
pens_made,0.0
pens_att,0.0
shots_total,0.013308573197152585
shots_on_target,0.0034045187248529867
sca,0.021974620860414733
gca,0.0018570102135561746
xg,0.00024760136180748996
crosses_into_penalty_area,0.0012380068090374497
passes_into_final_third,0.06128133704735376
passes_into_penalty_area,0.008666047663262148
progressive_passes,0.06499535747446611
carry_progressive_distance,1.4249458372021047
assisted_shots,0.009904054472299598
fouled,0.008047044258743422
pens_won,0.0
tackles,0.02073661405137728
interceptions,0.015165583410708759
blocks,0.02042711234911792
tackles_won,0.013308573197152585
dribble_tackles,0.005880532342927886
dribbles_vs,0.021974620860414733
pressures,0.2225317239244816
pressure_regains,0.05230578768183225
clearances,0.012689569792633859
errors,0.0
aerials_won,0.008356545961002786
aerials_lost,0.0030950170225936243
ball_recoveries,0.1324667285670071
pens_conceded,0.0
fouls,0.010832559579077685
cards_yellow_red,0.0
