position,FW
passes_completed,0.24025974025974026
passes,0.3225108225108225
dribbles_completed,0.012987012987012988
dribbles,0.023809523809523808
passes_completed_short,0.16666666666666666
passes_short,0.19913419913419914
passes_completed_medium,0.05411255411255411
passes_medium,0.07142857142857142
passes_completed_long,0.017316017316017316
passes_long,0.0367965367965368
passes_total_distance,3.3766233766233764
passes_free_kicks,0.0
through_balls,0.0
passes_pressure,0.045454545454545456
passes_switches,0.006493506493506494
crosses,0.015151515151515152
corner_kicks,0.0
passes_intercepted,0.021645021645021644
passes_blocked,0.010822510822510822
dispossessed,0.012987012987012988
goals,0.0021645021645021645
assists,0.0
pens_made,0.0
pens_att,0.0
shots_total,0.025974025974025976
shots_on_target,0.010822510822510822
sca,0.03896103896103896
gca,0.0021645021645021645
xg,0.003463203463203464
crosses_into_penalty_area,0.0021645021645021645
passes_into_final_third,0.021645021645021644
passes_into_penalty_area,0.006493506493506494
progressive_passes,0.01948051948051948
carry_progressive_distance,0.8268398268398268
assisted_shots,0.015151515151515152
fouled,0.03896103896103896
pens_won,0.0
tackles,0.017316017316017316
interceptions,0.004329004329004329
blocks,0.021645021645021644
tackles_won,0.012987012987012988
dribble_tackles,0.0021645021645021645
dribbles_vs,0.021645021645021644
pressures,0.16883116883116883
pressure_regains,0.0367965367965368
clearances,0.0021645021645021645
errors,0.0
aerials_won,0.006493506493506494
aerials_lost,0.01948051948051948
ball_recoveries,0.05411255411255411
pens_conceded,0.0
fouls,0.047619047619047616
cards_yellow_red,0.0
