position,CM
passes_completed,0.5065963060686016
passes,0.5725593667546174
dribbles_completed,0.005277044854881266
dribbles,0.010554089709762533
passes_completed_short,0.17941952506596306
passes_short,0.19788918205804748
passes_completed_medium,0.20580474934036938
passes_medium,0.23482849604221637
passes_completed_long,0.10817941952506596
passes_long,0.11873350923482849
passes_total_distance,10.361477572559366
passes_free_kicks,0.005277044854881266
through_balls,0.002638522427440633
passes_pressure,0.10290237467018469
passes_switches,0.026385224274406333
crosses,0.0158311345646438
corner_kicks,0.002638522427440633
passes_intercepted,0.0079155672823219
passes_blocked,0.010554089709762533
dispossessed,0.0079155672823219
goals,0.0
assists,0.002638522427440633
pens_made,0.0
pens_att,0.0
shots_total,0.010554089709762533
shots_on_target,0.002638522427440633
sca,0.018469656992084433
gca,0.0
xg,0.0002638522427440633
crosses_into_penalty_area,0.0
passes_into_final_third,0.044854881266490766
passes_into_penalty_area,0.005277044854881266
progressive_passes,0.036939313984168866
carry_progressive_distance,1.1266490765171504
assisted_shots,0.0079155672823219
fouled,0.026385224274406333
pens_won,0.0
tackles,0.0158311345646438
interceptions,0.0
blocks,0.0079155672823219
tackles_won,0.010554089709762533
dribble_tackles,0.002638522427440633
dribbles_vs,0.0158311345646438
pressures,0.316622691292876
pressure_regains,0.0633245382585752
clearances,0.0079155672823219
errors,0.0
aerials_won,0.010554089709762533
aerials_lost,0.002638522427440633
ball_recoveries,0.0870712401055409
pens_conceded,0.0
fouls,0.013192612137203167
cards_yellow_red,0.0
