position,DM
passes_completed,0.36368038740920094
passes,0.4610169491525424
dribbles_completed,0.006779661016949152
dribbles,0.009685230024213076
passes_completed_short,0.14092009685230025
passes_short,0.16513317191283294
passes_completed_medium,0.16416464891041163
passes_medium,0.18353510895883776
passes_completed_long,0.05375302663438257
passes_long,0.09782082324455206
passes_total_distance,7.310895883777239
passes_free_kicks,0.020338983050847456
through_balls,0.0009685230024213075
passes_pressure,0.1016949152542373
passes_switches,0.022276029055690073
crosses,0.011138014527845037
corner_kicks,0.005326876513317191
passes_intercepted,0.005326876513317191
passes_blocked,0.008232445520581114
dispossessed,0.01162227602905569
goals,0.0009685230024213075
assists,0.00048426150121065375
pens_made,0.0
pens_att,0.0
shots_total,0.01646489104116223
shots_on_target,0.00387409200968523
sca,0.021791767554479417
gca,0.002421307506053269
xg,0.0006295399515738499
crosses_into_penalty_area,0.0009685230024213075
passes_into_final_third,0.03438256658595642
passes_into_penalty_area,0.004842615012106538
progressive_passes,0.03099273607748184
carry_progressive_distance,0.6411622276029055
assisted_shots,0.009685230024213076
fouled,0.01646489104116223
pens_won,0.00048426150121065375
tackles,0.03292978208232446
interceptions,0.014043583535108959
blocks,0.024213075060532687
tackles_won,0.01937046004842615
dribble_tackles,0.015012106537530266
dribbles_vs,0.03922518159806295
pressures,0.3617433414043584
pressure_regains,0.09007263922518159
clearances,0.020338983050847456
errors,0.0009685230024213075
aerials_won,0.008716707021791767
aerials_lost,0.015980629539951573
ball_recoveries,0.13220338983050847
pens_conceded,0.0
fouls,0.01162227602905569
cards_yellow_red,0.0
