position,DM
passes_completed,0.409950366343654
passes,0.5033089104230678
dribbles_completed,0.008272276057669581
dribbles,0.012881115575514062
passes_completed_short,0.1829354762467502
passes_short,0.21271567005436068
passes_completed_medium,0.17915386433467265
passes_medium,0.21047033798156464
passes_completed_long,0.04195225714961002
passes_long,0.06346017489955093
passes_total_distance,7.213779248404633
passes_free_kicks,0.010281257385960765
through_balls,0.0003545261167572678
passes_pressure,0.09335854407941385
passes_switches,0.005790593240368707
crosses,0.004608839517844481
corner_kicks,0.0004727014890096904
passes_intercepted,0.008390451429922004
passes_blocked,0.01229023871425195
dispossessed,0.007326873079650201
goals,0.0002363507445048452
assists,0.0001181753722524226
pens_made,0.0
pens_att,0.0
shots_total,0.006263294729378398
shots_on_target,0.0012999290947766486
sca,0.019026234932640038
gca,0.0012999290947766486
xg,0.00044906641455920595
crosses_into_penalty_area,0.0015362798392814937
passes_into_final_third,0.04502481682817301
passes_into_penalty_area,0.006617820846135665
progressive_passes,0.04750649964547388
carry_progressive_distance,1.2517135428976602
assisted_shots,0.008626802174426849
fouled,0.015126447648310093
pens_won,0.0002363507445048452
tackles,0.020680690144173956
interceptions,0.014299220042543134
blocks,0.022098794611203024
tackles_won,0.01276294020326164
dribble_tackles,0.005436067123611439
dribbles_vs,0.0209170408886788
pressures,0.18116284566296384
pressure_regains,0.045261167572677855
clearances,0.02233514535570787
errors,0.0
aerials_won,0.02765303710706689
aerials_lost,0.02008981328291184
ball_recoveries,0.1108484991727724
pens_conceded,0.0
fouls,0.010872134247222878
cards_yellow_red,0.0
