position,RB
passes_completed,0.5963624760689215
passes,0.6708679004467135
dribbles_completed,0.0030312699425654116
dribbles,0.0033503509891512446
passes_completed_short,0.16687938736439056
passes_short,0.17788768347160178
passes_completed_medium,0.30950861518825784
passes_medium,0.3283343969368219
passes_completed_long,0.11678366305041481
passes_long,0.15890236119974474
passes_total_distance,13.077855775366944
passes_free_kicks,0.018347160178685387
through_balls,0.0004786215698787492
passes_pressure,0.07945118059987237
passes_switches,0.020899808551372048
crosses,0.0004786215698787492
corner_kicks,0.0
passes_intercepted,0.0030312699425654116
passes_blocked,0.0027121888959795786
dispossessed,0.0025526483726866626
goals,0.000797702616464582
assists,0.0003190810465858328
pens_made,0.0
pens_att,0.0
shots_total,0.004945756222080409
shots_on_target,0.0011167836630504148
sca,0.005105296745373325
gca,0.0006381620931716656
xg,0.000398851308232291
crosses_into_penalty_area,0.0001595405232929164
passes_into_final_third,0.029834077855775368
passes_into_penalty_area,0.0022335673261008296
progressive_passes,0.024728781110402043
carry_progressive_distance,1.6517230376515635
assisted_shots,0.001595405232929164
fouled,0.011327377153797065
pens_won,0.0
tackles,0.02026164645820038
interceptions,0.00622208040842374
blocks,0.0204211869814933
tackles_won,0.012284620293554562
dribble_tackles,0.006062539885130823
dribbles_vs,0.013082322910019146
pressures,0.10673261008296107
pressure_regains,0.03557753669432036
clearances,0.06062539885130823
errors,0.0
aerials_won,0.026962348436502873
aerials_lost,0.013082322910019146
ball_recoveries,0.09189534141671984
pens_conceded,0.0001595405232929164
fouls,0.015156349712827057
cards_yellow_red,0.0
