position,CB
passes_completed,0.3739651224238154
passes,0.45869297163995065
dribbles_completed,0.0008807468733485996
dribbles,0.0010568962480183195
passes_completed_short,0.10480887792848335
passes_short,0.11608243790734543
passes_completed_medium,0.18918442839527919
passes_medium,0.21014620398097586
passes_completed_long,0.07750572485467677
passes_long,0.12682754976219834
passes_total_distance,8.319006517526862
passes_free_kicks,0.014091949973577593
through_balls,0.00035229874933943986
passes_pressure,0.05672009864364982
passes_switches,0.012154306852210675
crosses,0.00017614937466971993
corner_kicks,0.0
passes_intercepted,0.0031706887440549588
passes_blocked,0.004932182490752158
dispossessed,0.00035229874933943986
goals,0.0
assists,0.00035229874933943986
pens_made,0.0
pens_att,0.0
shots_total,0.002466091245376079
shots_on_target,0.00035229874933943986
sca,0.0029945393693852386
gca,0.00035229874933943986
xg,0.0002113792496036639
crosses_into_penalty_area,0.0
passes_into_final_third,0.028888497445834067
passes_into_penalty_area,0.0015853443720274794
progressive_passes,0.026950854324467147
carry_progressive_distance,0.8691210146203981
assisted_shots,0.0010568962480183195
fouled,0.004227584992073278
pens_won,0.0
tackles,0.009159767482825437
interceptions,0.008983618108155716
blocks,0.016381891844283954
tackles_won,0.004051435617403558
dribble_tackles,0.0036991368680641184
dribbles_vs,0.010568962480183195
pressures,0.05953848863836533
pressure_regains,0.02201867183371499
clearances,0.05812929364100757
errors,0.0010568962480183195
aerials_won,0.02289941870706359
aerials_lost,0.008102871234807116
ball_recoveries,0.11185485291527215
pens_conceded,0.0
fouls,0.009512066232164875
cards_yellow_red,0.00017614937466971993
