position,CB
passes_completed,0.36666666666666664
passes,0.45357142857142857
dribbles_completed,0.01904761904761905
dribbles,0.02261904761904762
passes_completed_short,0.17023809523809524
passes_short,0.20714285714285716
passes_completed_medium,0.1523809523809524
passes_medium,0.16666666666666666
passes_completed_long,0.039285714285714285
passes_long,0.055952380952380955
passes_total_distance,6.53452380952381
passes_free_kicks,0.004761904761904762
through_balls,0.0011904761904761906
passes_pressure,0.09761904761904762
passes_switches,0.011904761904761904
crosses,0.010714285714285714
corner_kicks,0.0
passes_intercepted,0.013095238095238096
passes_blocked,0.02142857142857143
dispossessed,0.02976190476190476
goals,0.0
assists,0.0
pens_made,0.0
pens_att,0.0
shots_total,0.016666666666666666
shots_on_target,0.004761904761904762
sca,0.02619047619047619
gca,0.0
xg,0.0008333333333333333
crosses_into_penalty_area,0.0011904761904761906
passes_into_final_third,0.03214285714285714
passes_into_penalty_area,0.005952380952380952
progressive_passes,0.03333333333333333
carry_progressive_distance,1.7714285714285714
assisted_shots,0.013095238095238096
fouled,0.009523809523809525
pens_won,0.0
tackles,0.02738095238095238
interceptions,0.008333333333333333
blocks,0.02976190476190476
tackles_won,0.017857142857142856
dribble_tackles,0.0035714285714285713
dribbles_vs,0.02142857142857143
pressures,0.275
pressure_regains,0.05952380952380952
clearances,0.009523809523809525
errors,0.0
aerials_won,0.014285714285714285
aerials_lost,0.017857142857142856
ball_recoveries,0.125
pens_conceded,0.0
fouls,0.023809523809523808
cards_yellow_red,0.0
