position,GK
SoTA,0.02631578947368421
GA,0.008675534991324466
Saves,0.019086176980913822
#OPA,0.008097165991902834
Cmp,0.042799305957200696
Att,0.04684788895315211
Thr,0.0503181029496819
Stp,0.0037593984962406013
