position,LW
passes_completed,0.3801030519223147
passes,0.5065398335315101
dribbles_completed,0.005548949663099485
dribbles,0.009116131589377725
passes_completed_short,0.14744351961950058
passes_short,0.16765755053507728
passes_completed_medium,0.18509710661910425
passes_medium,0.23028141101862862
passes_completed_long,0.04439159730479588
passes_long,0.09671026555687673
passes_total_distance,7.258026159334126
passes_free_kicks,0.003963535473642489
through_balls,0.0
passes_pressure,0.07491082045184304
passes_switches,0.01070154577883472
crosses,0.009116131589377725
corner_kicks,0.0
passes_intercepted,0.009116131589377725
passes_blocked,0.009512485136741973
dispossessed,0.0047562425683709865
goals,0.0
assists,0.0
pens_made,0.0
pens_att,0.0
shots_total,0.005152596115735236
shots_on_target,0.00039635354736424893
sca,0.008719778042013475
gca,0.0
xg,0.00011890606420927469
crosses_into_penalty_area,0.0027744748315497426
passes_into_final_third,0.03289734443123266
passes_into_penalty_area,0.005548949663099485
progressive_passes,0.03804994054696789
carry_progressive_distance,1.100277447483155
assisted_shots,0.0047562425683709865
fouled,0.005548949663099485
pens_won,0.0
tackles,0.022592152199762187
interceptions,0.014268727705112961
blocks,0.019817677368212445
tackles_won,0.012683313515655966
dribble_tackles,0.008719778042013475
dribbles_vs,0.01823226317875545
pressures,0.12405866032500991
pressure_regains,0.04003170828378914
clearances,0.02933016250495442
errors,0.00039635354736424893
aerials_won,0.0075307173999207295
aerials_lost,0.01070154577883472
ball_recoveries,0.10305192231470471
pens_conceded,0.00039635354736424893
fouls,0.011890606420927468
cards_yellow_red,0.0
