position,GK
minutes,6120.0
SoTA,0.05702614379084967
GA,0.022712418300653594
Saves,0.03627450980392157
#OPA,0.007679738562091503
Cmp,0.09869281045751634
Att,0.09428104575163399
Thr,0.02957516339869281
Stp,0.007516339869281046
