position,RB
passes_completed,0.2939958592132505
passes,0.42857142857142855
dribbles_completed,0.008281573498964804
dribbles,0.008281573498964804
passes_completed_short,0.14285714285714285
passes_short,0.15942028985507245
passes_completed_medium,0.10973084886128365
passes_medium,0.14699792960662525
passes_completed_long,0.039337474120082816
passes_long,0.10766045548654245
passes_total_distance,5.298136645962733
passes_free_kicks,0.002070393374741201
through_balls,0.0
passes_pressure,0.08695652173913043
passes_switches,0.008281573498964804
crosses,0.024844720496894408
corner_kicks,0.0
passes_intercepted,0.004140786749482402
passes_blocked,0.012422360248447204
dispossessed,0.0
goals,0.0
assists,0.0
pens_made,0.0
pens_att,0.0
shots_total,0.002070393374741201
shots_on_target,0.0
sca,0.004140786749482402
gca,0.002070393374741201
xg,0.0
crosses_into_penalty_area,0.004140786749482402
passes_into_final_third,0.028985507246376812
passes_into_penalty_area,0.004140786749482402
progressive_passes,0.016563146997929608
carry_progressive_distance,0.9772256728778468
assisted_shots,0.002070393374741201
fouled,0.004140786749482402
pens_won,0.0
tackles,0.033126293995859216
interceptions,0.012422360248447204
blocks,0.012422360248447204
tackles_won,0.024844720496894408
dribble_tackles,0.018633540372670808
dribbles_vs,0.022774327122153208
pressures,0.15942028985507245
pressure_regains,0.049689440993788817
clearances,0.024844720496894408
errors,0.002070393374741201
aerials_won,0.010351966873706004
aerials_lost,0.008281573498964804
ball_recoveries,0.10351966873706005
pens_conceded,0.0
fouls,0.006211180124223602
cards_yellow_red,0.0
