position,CB
passes_completed,0.5701468189233279
passes,0.6590538336052202
dribbles_completed,0.0016313213703099511
dribbles,0.0016313213703099511
passes_completed_short,0.11908646003262642
passes_short,0.13784665579119088
passes_completed_medium,0.3075040783034258
passes_medium,0.33442088091353994
passes_completed_long,0.13947797716150082
passes_long,0.17944535073409462
passes_total_distance,13.726753670473084
passes_free_kicks,0.02365415986949429
through_balls,0.0
passes_pressure,0.08482871125611746
passes_switches,0.040783034257748776
crosses,0.0008156606851549756
corner_kicks,0.0
passes_intercepted,0.0065252854812398045
passes_blocked,0.0024469820554649264
dispossessed,0.0008156606851549756
goals,0.0008156606851549756
assists,0.0
pens_made,0.0008156606851549756
pens_att,0.0008156606851549756
shots_total,0.008156606851549755
shots_on_target,0.0008156606851549756
sca,0.011419249592169658
gca,0.0
xg,0.001141924959216966
crosses_into_penalty_area,0.0
passes_into_final_third,0.04812398042414356
passes_into_penalty_area,0.0008156606851549756
progressive_passes,0.05138662316476346
carry_progressive_distance,1.8809135399673735
assisted_shots,0.005709624796084829
fouled,0.004893964110929853
pens_won,0.0
tackles,0.02202283849918434
interceptions,0.012234910277324634
blocks,0.02773246329526917
tackles_won,0.015497553017944535
dribble_tackles,0.011419249592169658
dribbles_vs,0.02365415986949429
pressures,0.10766721044045677
pressure_regains,0.04404567699836868
clearances,0.0766721044045677
errors,0.0
aerials_won,0.03262642740619902
aerials_lost,0.022838499184339316
ball_recoveries,0.11827079934747145
pens_conceded,0.0008156606851549756
fouls,0.013866231647634585
cards_yellow_red,0.0008156606851549756
