position,CB
passes_completed,0.5419354838709678
passes,0.6114695340501792
dribbles_completed,0.0018637992831541219
dribbles,0.0027240143369175627
passes_completed_short,0.17978494623655913
passes_short,0.19383512544802867
passes_completed_medium,0.28845878136200714
passes_medium,0.3081003584229391
passes_completed_long,0.06767025089605735
passes_long,0.09706093189964157
passes_total_distance,10.700645161290323
passes_free_kicks,0.010896057347670251
through_balls,0.0007168458781362007
passes_pressure,0.07598566308243727
passes_switches,0.01060931899641577
crosses,0.0005734767025089606
corner_kicks,0.0
passes_intercepted,0.006021505376344086
passes_blocked,0.006021505376344086
dispossessed,0.0012903225806451613
goals,0.0002867383512544803
assists,0.00014336917562724014
pens_made,0.0
pens_att,0.0
shots_total,0.002007168458781362
shots_on_target,0.0002867383512544803
sca,0.004157706093189964
gca,0.0005734767025089606
xg,0.00014336917562724014
crosses_into_penalty_area,0.0
passes_into_final_third,0.025232974910394265
passes_into_penalty_area,0.0012903225806451613
progressive_passes,0.02896057347670251
carry_progressive_distance,1.5037992831541218
assisted_shots,0.0014336917562724014
fouled,0.0044444444444444444
pens_won,0.0
tackles,0.011899641577060933
interceptions,0.00903225806451613
blocks,0.015197132616487455
tackles_won,0.007311827956989247
dribble_tackles,0.004157706093189964
dribbles_vs,0.0064516129032258064
pressures,0.0850179211469534
pressure_regains,0.024516129032258065
clearances,0.05046594982078853
errors,0.00014336917562724014
aerials_won,0.022652329749103944
aerials_lost,0.013333333333333334
ball_recoveries,0.1243010752688172
pens_conceded,0.0
fouls,0.0074551971326164874
cards_yellow_red,0.0
