position,DM
passes_completed,0.5895576504713561
passes,0.6860043509789703
dribbles_completed,0.012327773749093546
dribbles,0.019579405366207395
passes_completed_short,0.23422770123277736
passes_short,0.25598259608411894
passes_completed_medium,0.28063814358230604
passes_medium,0.31689630166787525
passes_completed_long,0.0674401740391588
passes_long,0.09064539521392313
passes_total_distance,10.995649021029731
passes_free_kicks,0.007976794778825236
through_balls,0.0
passes_pressure,0.08556925308194344
passes_switches,0.007976794778825236
crosses,0.0029006526468455403
corner_kicks,0.0
passes_intercepted,0.01305293691080493
passes_blocked,0.01595358955765047
dispossessed,0.01305293691080493
goals,0.0014503263234227702
assists,0.0
pens_made,0.0
pens_att,0.0
shots_total,0.015228426395939087
shots_on_target,0.0036258158085569255
sca,0.01595358955765047
gca,0.002175489485134155
xg,0.001015228426395939
crosses_into_penalty_area,0.0
passes_into_final_third,0.06091370558375635
passes_into_penalty_area,0.0
progressive_passes,0.047860768672951415
carry_progressive_distance,1.9593908629441625
assisted_shots,0.0036258158085569255
fouled,0.011602610587382161
pens_won,0.0
tackles,0.03843364757070341
interceptions,0.01015228426395939
blocks,0.01885424220449601
tackles_won,0.02610587382160986
dribble_tackles,0.01595358955765047
dribbles_vs,0.03190717911530094
pressures,0.18419144307469182
pressure_regains,0.06236403190717912
clearances,0.01740391588107324
errors,0.0
aerials_won,0.015228426395939087
aerials_lost,0.015228426395939087
ball_recoveries,0.15228426395939088
pens_conceded,0.0
fouls,0.01885424220449601
cards_yellow_red,0.0
