position,AM
passes_completed,0.3774263120057513
passes,0.5137790558351306
dribbles_completed,0.020129403306973402
dribbles,0.03450754852624011
passes_completed_short,0.1746944644140906
passes_short,0.203450754852624
passes_completed_medium,0.13491492930745266
passes_medium,0.17133956386292834
passes_completed_long,0.059190031152647975
passes_long,0.11646297627606039
passes_total_distance,7.079559070213276
passes_free_kicks,0.02252576084351785
through_balls,0.003115264797507788
passes_pressure,0.10136592379583034
passes_switches,0.02827701893122454
crosses,0.02683920440929787
corner_kicks,0.02875629043853343
passes_intercepted,0.012940330697340043
passes_blocked,0.018691588785046728
dispossessed,0.017972681524083392
goals,0.0026359932901988976
assists,0.003834172058471124
pens_made,0.0007189072609633358
pens_att,0.0007189072609633358
shots_total,0.026599568655643422
shots_on_target,0.00910615863886892
sca,0.04601006470165349
gca,0.006709801102324467
xg,0.002132758207524563
crosses_into_penalty_area,0.0035945363048166786
passes_into_final_third,0.028995926192187875
passes_into_penalty_area,0.016055595494847832
progressive_passes,0.047927150730889045
carry_progressive_distance,1.768032590462497
assisted_shots,0.02372393961179008
fouled,0.009825065899832255
pens_won,0.0004792715073088905
tackles,0.011502516175413372
interceptions,0.005511622334052241
blocks,0.01054397316079559
tackles_won,0.006470165348670022
dribble_tackles,0.004313443565780014
dribbles_vs,0.017253774263120056
pressures,0.18092499400910617
pressure_regains,0.038102084831056794
clearances,0.008866522885214475
errors,0.00023963575365444525
aerials_won,0.0050323508267433505
aerials_lost,0.008866522885214475
ball_recoveries,0.09130122214234364
pens_conceded,0.0
fouls,0.005990893841361131
cards_yellow_red,0.0
