position,CB
passes_completed,0.45077062556663644
passes,0.5191296464188576
dribbles_completed,0.004351767905711695
dribbles,0.005983680870353581
passes_completed_short,0.13164097914777878
passes_short,0.1488667271078876
passes_completed_medium,0.2271985494106981
passes_medium,0.24496826835902086
passes_completed_long,0.0884859474161378
passes_long,0.11495920217588396
passes_total_distance,9.891205802357208
passes_free_kicks,0.015231187669990934
through_balls,0.0007252946509519493
passes_pressure,0.07162284678150499
passes_switches,0.01940163191296464
crosses,0.0007252946509519493
corner_kicks,0.0
passes_intercepted,0.005983680870353581
passes_blocked,0.007978241160471442
dispossessed,0.0032638259292837716
goals,0.0
assists,0.00018132366273798732
pens_made,0.0
pens_att,0.0
shots_total,0.004351767905711695
shots_on_target,0.00036264732547597464
sca,0.006708975521305531
gca,0.0005439709882139619
xg,0.00027198549410698095
crosses_into_penalty_area,0.00018132366273798732
passes_into_final_third,0.031187669990933815
passes_into_penalty_area,0.002538531278331822
progressive_passes,0.03100634632819583
carry_progressive_distance,1.443880326382593
assisted_shots,0.001813236627379873
fouled,0.01414324569356301
pens_won,0.0
tackles,0.027923844061650046
interceptions,0.017225747960108794
blocks,0.02212148685403445
tackles_won,0.018495013599274704
dribble_tackles,0.009972801450589302
dribbles_vs,0.03100634632819583
pressures,0.15521305530371712
pressure_regains,0.04750679963735267
clearances,0.03771532184950136
errors,0.0005439709882139619
aerials_won,0.011786038077969175
aerials_lost,0.013599274705349048
ball_recoveries,0.11368993653671804
pens_conceded,0.00036264732547597464
fouls,0.01613780598368087
cards_yellow_red,0.00018132366273798732
