position,DM
passes_completed,0.6920964296612756
passes,0.7766249618553555
dribbles_completed,0.017088800732377174
dribbles,0.022276472383277388
passes_completed_short,0.2844064693317058
passes_short,0.31461702776930117
passes_completed_medium,0.3072932560268538
passes_medium,0.3304851998779371
passes_completed_long,0.08880073237717424
passes_long,0.11077204760451632
passes_total_distance,12.998779371376258
passes_free_kicks,0.01647848642050656
through_balls,0.003051571559353067
passes_pressure,0.1321330485199878
passes_switches,0.023191943851083308
crosses,0.0006103143118706134
corner_kicks,0.0
passes_intercepted,0.014952700640830027
passes_blocked,0.008849557522123894
dispossessed,0.011595971925541654
goals,0.0
assists,0.0015257857796765334
pens_made,0.0
pens_att,0.0
shots_total,0.004882514494964907
shots_on_target,0.0012206286237412267
sca,0.02197131522734208
gca,0.003051571559353067
xg,0.0003356728715288374
crosses_into_penalty_area,0.0
passes_into_final_third,0.07903570338724443
passes_into_penalty_area,0.010375343301800427
progressive_passes,0.06621910283796155
carry_progressive_distance,1.5370765944461398
assisted_shots,0.007628928898382667
fouled,0.013121757705218187
pens_won,0.0
tackles,0.016173329264571254
interceptions,0.00549282880683552
blocks,0.00732377174244736
tackles_won,0.01190112908147696
dribble_tackles,0.005797985962770827
dribbles_vs,0.014037229173024107
pressures,0.10924626182483979
pressure_regains,0.028074458346048214
clearances,0.013426914861153494
errors,0.0003051571559353067
aerials_won,0.01556301495270064
aerials_lost,0.00823924321025328
ball_recoveries,0.10405859017393958
pens_conceded,0.0
fouls,0.012511443393347574
cards_yellow_red,0.0
