position,DM
passes_completed,0.294984076433121
passes,0.39371019108280253
dribbles_completed,0.029060509554140128
dribbles,0.04060509554140127
passes_completed_short,0.1500796178343949
passes_short,0.17714968152866242
passes_completed_medium,0.11027070063694268
passes_medium,0.14132165605095542
passes_completed_long,0.028264331210191083
passes_long,0.05135350318471338
passes_total_distance,4.864649681528663
passes_free_kicks,0.009156050955414012
through_balls,0.0011942675159235668
passes_pressure,0.07563694267515923
passes_switches,0.009952229299363057
crosses,0.029060509554140128
corner_kicks,0.018710191082802547
passes_intercepted,0.007961783439490446
passes_blocked,0.018710191082802547
dispossessed,0.025477707006369428
goals,0.0015923566878980893
assists,0.0023885350318471337
pens_made,0.0
pens_att,0.0
shots_total,0.03622611464968153
shots_on_target,0.007961783439490446
sca,0.04179936305732484
gca,0.005573248407643312
xg,0.0021496815286624203
crosses_into_penalty_area,0.005573248407643312
passes_into_final_third,0.022292993630573247
passes_into_penalty_area,0.014331210191082803
progressive_passes,0.028264331210191083
carry_progressive_distance,2.0087579617834397
assisted_shots,0.018312101910828025
fouled,0.02786624203821656
pens_won,0.0003980891719745223
tackles,0.009554140127388535
interceptions,0.007165605095541401
blocks,0.007165605095541401
tackles_won,0.007961783439490446
dribble_tackles,0.0015923566878980893
dribbles_vs,0.005971337579617835
pressures,0.1305732484076433
pressure_regains,0.03144904458598726
clearances,0.0011942675159235668
errors,0.0
aerials_won,0.004777070063694267
aerials_lost,0.007165605095541401
ball_recoveries,0.0553343949044586
pens_conceded,0.0
fouls,0.01751592356687898
cards_yellow_red,0.0003980891719745223
