position,AM
passes_completed,0.47611731843575417
passes,0.5966480446927375
dribbles_completed,0.012011173184357541
dribbles,0.017877094972067038
passes_completed_short,0.19078212290502794
passes_short,0.22039106145251397
passes_completed_medium,0.20726256983240224
passes_medium,0.24594972067039106
passes_completed_long,0.06871508379888268
passes_long,0.10824022346368715
passes_total_distance,9.170391061452515
passes_free_kicks,0.01675977653631285
through_balls,0.0036312849162011174
passes_pressure,0.12905027932960894
passes_switches,0.022206703910614526
crosses,0.012011173184357541
corner_kicks,0.01047486033519553
passes_intercepted,0.01159217877094972
passes_blocked,0.015502793296089385
dispossessed,0.01606145251396648
goals,0.001536312849162011
assists,0.0016759776536312849
pens_made,0.00013966480446927373
pens_att,0.00013966480446927373
shots_total,0.02011173184357542
shots_on_target,0.006005586592178771
sca,0.032262569832402235
gca,0.0034916201117318434
xg,0.001298882681564246
crosses_into_penalty_area,0.0018156424581005587
passes_into_final_third,0.05405027932960894
passes_into_penalty_area,0.01005586592178771
progressive_passes,0.060335195530726256
carry_progressive_distance,1.399441340782123
assisted_shots,0.015223463687150838
fouled,0.016899441340782122
pens_won,0.0
tackles,0.021229050279329607
interceptions,0.007681564245810056
blocks,0.017877094972067038
tackles_won,0.0138268156424581
dribble_tackles,0.006564245810055866
dribbles_vs,0.02611731843575419
pressures,0.2020949720670391
pressure_regains,0.05628491620111732
clearances,0.01005586592178771
errors,0.00013966480446927373
aerials_won,0.009916201117318436
aerials_lost,0.00824022346368715
ball_recoveries,0.11354748603351955
pens_conceded,0.0
fouls,0.013966480446927373
cards_yellow_red,0.0
