position,DM
passes_completed,0.29646017699115046
passes,0.39048672566371684
dribbles_completed,0.019081858407079644
dribbles,0.03290929203539823
passes_completed_short,0.15293141592920353
passes_short,0.1844579646017699
passes_completed_medium,0.11200221238938053
passes_medium,0.1377212389380531
passes_completed_long,0.024889380530973452
passes_long,0.049778761061946904
passes_total_distance,4.799225663716814
passes_free_kicks,0.005807522123893806
through_balls,0.0019358407079646017
passes_pressure,0.0790929203539823
passes_switches,0.008849557522123894
crosses,0.011891592920353982
corner_kicks,0.011615044247787611
passes_intercepted,0.007743362831858407
passes_blocked,0.01327433628318584
dispossessed,0.02295353982300885
goals,0.00165929203539823
assists,0.00165929203539823
pens_made,0.0002765486725663717
pens_att,0.0002765486725663717
shots_total,0.019358407079646017
shots_on_target,0.006084070796460177
sca,0.03235619469026549
gca,0.004148230088495576
xg,0.0020464601769911504
crosses_into_penalty_area,0.0030420353982300885
passes_into_final_third,0.024889380530973452
passes_into_penalty_area,0.016039823008849558
progressive_passes,0.04120575221238938
carry_progressive_distance,1.6590154867256637
assisted_shots,0.013550884955752213
fouled,0.018805309734513276
pens_won,0.0
tackles,0.011061946902654867
interceptions,0.00497787610619469
blocks,0.008573008849557522
tackles_won,0.006913716814159292
dribble_tackles,0.003595132743362832
dribbles_vs,0.013550884955752213
pressures,0.17063053097345132
pressure_regains,0.037887168141592924
clearances,0.005254424778761062
errors,0.0
aerials_won,0.00331858407079646
aerials_lost,0.013550884955752213
ball_recoveries,0.07549778761061947
pens_conceded,0.0002765486725663717
fouls,0.008019911504424779
cards_yellow_red,0.0
