position,DM
passes_completed,0.4316546762589928
passes,0.5188576411597995
dribbles_completed,0.025506867233485938
dribbles,0.03902332679311096
passes_completed_short,0.18966644865925442
passes_short,0.2158273381294964
passes_completed_medium,0.17309788532810116
passes_medium,0.2001308044473512
passes_completed_long,0.05689993459777633
passes_long,0.08109875735775017
passes_total_distance,7.882057989971659
passes_free_kicks,0.005886200130804447
through_balls,0.0004360148245040331
passes_pressure,0.09483322432962721
passes_switches,0.01460649662088511
crosses,0.003924133420536298
corner_kicks,0.0006540222367560497
passes_intercepted,0.011118378024852845
passes_blocked,0.010682363200348812
dispossessed,0.02049269675168956
goals,0.0006540222367560497
assists,0.00021800741225201656
pens_made,0.0
pens_att,0.0
shots_total,0.01962066710268149
shots_on_target,0.003488118596032265
sca,0.022018748637453674
gca,0.0013080444735120995
xg,0.0008502289077828647
crosses_into_penalty_area,0.00021800741225201656
passes_into_final_third,0.040113363854371045
passes_into_penalty_area,0.004360148245040331
progressive_passes,0.0420754305646392
carry_progressive_distance,1.9954218443427076
assisted_shots,0.006540222367560497
fouled,0.011554392849356878
pens_won,0.0
tackles,0.038805319380858946
interceptions,0.016132548506649226
blocks,0.01896664486592544
tackles_won,0.024634837584477872
dribble_tackles,0.010028340963592761
dribbles_vs,0.023980815347721823
pressures,0.2552866797471114
pressure_regains,0.06431218661434489
clearances,0.01395247438412906
errors,0.00021800741225201656
aerials_won,0.009156311314584695
aerials_lost,0.009156311314584695
ball_recoveries,0.11619795073032484
pens_conceded,0.0
fouls,0.023326793110965773
cards_yellow_red,0.0
